amplitude_mA,step,current_mA,M,delta_M
35,0,-35.0,0.3,0.0
35,1,-34.825,0.3,0.0
35,2,-34.65,0.3,0.0
35,3,-34.475,0.3,0.0
35,4,-34.3,0.3,0.0
35,5,-34.125,0.3,0.0
35,6,-33.95,0.3,0.0
35,7,-33.775,0.3,0.0
35,8,-33.6,0.3,0.0
35,9,-33.425,0.3,0.0
35,10,-33.25,0.3,0.0
35,11,-33.075,0.3,0.0
35,12,-32.9,0.3,0.0
35,13,-32.725,0.3,0.0
35,14,-32.55,0.3,0.0
35,15,-32.375,0.3,0.0
35,16,-32.2,0.3,0.0
35,17,-32.025,0.3,0.0
35,18,-31.85,0.3,0.0
35,19,-31.675,0.3,0.0
35,20,-31.5,0.3,0.0
35,21,-31.325,0.3,0.0
35,22,-31.15,0.3,0.0
35,23,-30.975,0.3,0.0
35,24,-30.8,0.3,0.0
35,25,-30.625,0.3,0.0
35,26,-30.45,0.3,0.0
35,27,-30.275,0.3,0.0
35,28,-30.1,0.3,0.0
35,29,-29.925,0.3,0.0
35,30,-29.75,0.3,0.0
35,31,-29.575,0.3,0.0
35,32,-29.4,0.3,0.0
35,33,-29.225,0.3,0.0
35,34,-29.05,0.3,0.0
35,35,-28.875,0.3,0.0
35,36,-28.7,0.3,0.0
35,37,-28.525,0.3,0.0
35,38,-28.35,0.3,0.0
35,39,-28.175,0.3,0.0
35,40,-28.0,0.3,0.0
35,41,-27.825,0.3,0.0
35,42,-27.65,0.3,0.0
35,43,-27.475,0.3,0.0
35,44,-27.3,0.3,0.0
35,45,-27.125,0.3,0.0
35,46,-26.950000000000003,0.3,0.0
35,47,-26.775,0.3,0.0
35,48,-26.6,0.3,0.0
35,49,-26.425,0.3,0.0
35,50,-26.25,0.3,0.0
35,51,-26.075000000000003,0.3,0.0
35,52,-25.9,0.3,0.0
35,53,-25.725,0.3,0.0
35,54,-25.55,0.3,0.0
35,55,-25.375,0.3,0.0
35,56,-25.200000000000003,0.3,0.0
35,57,-25.025,0.3,0.0
35,58,-24.85,0.3,0.0
35,59,-24.675,0.3,0.0
35,60,-24.5,0.3,0.0
35,61,-24.325000000000003,0.3,0.0
35,62,-24.15,0.3,0.0
35,63,-23.975,0.3,0.0
35,64,-23.8,0.3,0.0
35,65,-23.625,0.3,0.0
35,66,-23.450000000000003,0.3,0.0
35,67,-23.275,0.3,0.0
35,68,-23.1,0.3,0.0
35,69,-22.925,0.3,0.0
35,70,-22.75,0.3,0.0
35,71,-22.575000000000003,0.3,0.0
35,72,-22.4,0.3,0.0
35,73,-22.225,0.3,0.0
35,74,-22.05,0.3,0.0
35,75,-21.875,0.3,0.0
35,76,-21.700000000000003,0.3,0.0
35,77,-21.525,0.3,0.0
35,78,-21.35,0.3,0.0
35,79,-21.175,0.3,0.0
35,80,-21.0,0.3,0.0
35,81,-20.825000000000003,0.3,0.0
35,82,-20.65,0.3,0.0
35,83,-20.475,0.3,0.0
35,84,-20.3,0.3,0.0
35,85,-20.125,0.3,0.0
35,86,-19.950000000000003,0.3,0.0
35,87,-19.775,0.3,0.0
35,88,-19.6,0.3,0.0
35,89,-19.425,0.3,0.0
35,90,-19.25,0.3,0.0
35,91,-19.075000000000003,0.3,0.0
35,92,-18.900000000000002,0.3,0.0
35,93,-18.725,0.3,0.0
35,94,-18.55,0.3,0.0
35,95,-18.375,0.3,0.0
35,96,-18.200000000000003,0.3,0.0
35,97,-18.025000000000002,0.3,0.0
35,98,-17.85,0.3,0.0
35,99,-17.675,0.3,0.0
35,100,-17.5,0.3,0.0
35,101,-17.325000000000003,0.3,0.0
35,102,-17.150000000000002,0.3,0.0
35,103,-16.975,0.3,0.0
35,104,-16.8,0.3,0.0
35,105,-16.625,0.3,0.0
35,106,-16.450000000000003,0.3,0.0
35,107,-16.275000000000002,0.3,0.0
35,108,-16.1,0.3,0.0
35,109,-15.925,0.3,0.0
35,110,-15.75,0.3,0.0
35,111,-15.575000000000003,0.3,0.0
35,112,-15.400000000000002,0.3,0.0
35,113,-15.225000000000001,0.3,0.0
35,114,-15.05,0.3,0.0
35,115,-14.875,0.3,0.0
35,116,-14.700000000000003,0.3,0.0
35,117,-14.525000000000002,0.3,0.0
35,118,-14.350000000000001,0.3,0.0
35,119,-14.175,0.3,0.0
35,120,-14.0,0.3,0.0
35,121,-13.825000000000003,0.3,0.0
35,122,-13.650000000000002,0.3,0.0
35,123,-13.475000000000001,0.3,0.0
35,124,-13.3,0.3,0.0
35,125,-13.125,0.3,0.0
35,126,-12.950000000000003,0.3,0.0
35,127,-12.775000000000002,0.3,0.0
35,128,-12.600000000000001,0.3,0.0
35,129,-12.425,0.3,0.0
35,130,-12.25,0.3,0.0
35,131,-12.075000000000003,0.3,0.0
35,132,-11.900000000000002,0.3,0.0
35,133,-11.725000000000001,0.3,0.0
35,134,-11.55,0.3,0.0
35,135,-11.375,0.3,0.0
35,136,-11.200000000000003,0.3,0.0
35,137,-11.025000000000002,0.3,0.0
35,138,-10.850000000000001,0.3,0.0
35,139,-10.675,0.3,0.0
35,140,-10.5,0.3,0.0
35,141,-10.325000000000003,0.3,0.0
35,142,-10.150000000000002,0.3,0.0
35,143,-9.975000000000001,0.3,0.0
35,144,-9.8,0.3,0.0
35,145,-9.625,0.3,0.0
35,146,-9.450000000000003,0.3,0.0
35,147,-9.275000000000002,0.3,0.0
35,148,-9.100000000000001,0.3,0.0
35,149,-8.925,0.3,0.0
35,150,-8.75,0.3,0.0
35,151,-8.575000000000003,0.3,0.0
35,152,-8.400000000000002,0.3,0.0
35,153,-8.225000000000001,0.3,0.0
35,154,-8.05,0.3,0.0
35,155,-7.875,0.3,0.0
35,156,-7.700000000000003,0.3,0.0
35,157,-7.525000000000002,0.3,0.0
35,158,-7.350000000000001,0.3,0.0
35,159,-7.175000000000001,0.3,0.0
35,160,-7.0,0.3,0.0
35,161,-6.825000000000003,0.3,0.0
35,162,-6.650000000000002,0.3,0.0
35,163,-6.475000000000001,0.3,0.0
35,164,-6.300000000000001,0.3,0.0
35,165,-6.1250000000000036,0.3,0.0
35,166,-5.950000000000003,0.3,0.0
35,167,-5.775000000000002,0.3,0.0
35,168,-5.600000000000001,0.3,0.0
35,169,-5.425000000000001,0.3,0.0
35,170,-5.2500000000000036,0.3,0.0
35,171,-5.075000000000003,0.3,0.0
35,172,-4.900000000000002,0.3,0.0
35,173,-4.725000000000001,0.3,0.0
35,174,-4.550000000000001,0.3,0.0
35,175,-4.3750000000000036,0.3,0.0
35,176,-4.200000000000003,0.3,0.0
35,177,-4.025000000000002,0.3,0.0
35,178,-3.8500000000000014,0.3,0.0
35,179,-3.6750000000000007,0.3,0.0
35,180,-3.5000000000000036,0.3,0.0
35,181,-3.325000000000003,0.3,0.0
35,182,-3.150000000000002,0.3,0.0
35,183,-2.9750000000000014,0.3,0.0
35,184,-2.8000000000000043,0.3,0.0
35,185,-2.625,0.3,0.0
35,186,-2.450000000000003,0.3,0.0
35,187,-2.2749999999999986,0.3,0.0
35,188,-2.1000000000000014,0.3,0.0
35,189,-1.9250000000000043,0.3,0.0
35,190,-1.75,0.3,0.0
35,191,-1.5750000000000028,0.3,0.0
35,192,-1.4000000000000057,0.3,0.0
35,193,-1.2250000000000014,0.3,0.0
35,194,-1.0500000000000043,0.3,0.0
35,195,-0.875,0.3,0.0
35,196,-0.7000000000000028,0.3,0.0
35,197,-0.5250000000000057,0.3,0.0
35,198,-0.3500000000000014,0.3,0.0
35,199,-0.17500000000000426,0.3,0.0
35,200,0.0,0.3,0.0
35,201,0.17499999999999716,0.3,0.0
35,202,0.3499999999999943,0.3,0.0
35,203,0.5249999999999986,0.3,0.0
35,204,0.6999999999999957,0.3,0.0
35,205,0.875,0.3,0.0
35,206,1.0499999999999972,0.3,0.0
35,207,1.2249999999999943,0.3,0.0
35,208,1.3999999999999986,0.3,0.0
35,209,1.5749999999999957,0.3,0.0
35,210,1.75,0.3,0.0
35,211,1.9249999999999972,0.3,0.0
35,212,2.0999999999999943,0.3,0.0
35,213,2.2749999999999986,0.3,0.0
35,214,2.4499999999999957,0.3,0.0
35,215,2.625,0.3,0.0
35,216,2.799999999999997,0.3,0.0
35,217,2.9749999999999943,0.3,0.0
35,218,3.1499999999999986,0.3,0.0
35,219,3.3249999999999957,0.3,0.0
35,220,3.5,0.3,0.0
35,221,3.674999999999997,0.3,0.0
35,222,3.8499999999999943,0.3,0.0
35,223,4.024999999999999,0.3,0.0
35,224,4.199999999999996,0.3,0.0
35,225,4.375,0.3,0.0
35,226,4.549999999999997,0.3,0.0
35,227,4.724999999999994,0.3,0.0
35,228,4.899999999999999,0.3,0.0
35,229,5.074999999999996,0.3,0.0
35,230,5.25,0.3,0.0
35,231,5.424999999999997,0.3,0.0
35,232,5.599999999999994,0.3,0.0
35,233,5.774999999999999,0.3,0.0
35,234,5.949999999999996,0.3,0.0
35,235,6.125,0.3,0.0
35,236,6.299999999999997,0.3,0.0
35,237,6.474999999999994,0.3,0.0
35,238,6.649999999999999,0.3,0.0
35,239,6.824999999999996,0.3,0.0
35,240,7.0,0.3,0.0
35,241,7.174999999999997,0.3,0.0
35,242,7.349999999999994,0.3,0.0
35,243,7.524999999999999,0.3,0.0
35,244,7.699999999999996,0.3,0.0
35,245,7.875,0.3,0.0
35,246,8.049999999999997,0.3,0.0
35,247,8.224999999999994,0.3,0.0
35,248,8.399999999999999,0.3,0.0
35,249,8.574999999999996,0.3,0.0
35,250,8.75,0.3,0.0
35,251,8.924999999999997,0.3,0.0
35,252,9.099999999999994,0.3,0.0
35,253,9.274999999999999,0.3,0.0
35,254,9.449999999999996,0.3,0.0
35,255,9.625,0.3,0.0
35,256,9.799999999999997,0.3,0.0
35,257,9.974999999999994,0.3,0.0
35,258,10.149999999999999,0.3,0.0
35,259,10.324999999999996,0.3,0.0
35,260,10.5,0.3,0.0
35,261,10.674999999999997,0.3,0.0
35,262,10.849999999999994,0.3,0.0
35,263,11.024999999999999,0.3,0.0
35,264,11.199999999999996,0.3,0.0
35,265,11.375,0.3,0.0
35,266,11.549999999999997,0.3,0.0
35,267,11.724999999999994,0.3,0.0
35,268,11.899999999999999,0.3,0.0
35,269,12.074999999999996,0.3,0.0
35,270,12.25,0.3,0.0
35,271,12.424999999999997,0.3,0.0
35,272,12.599999999999994,0.3,0.0
35,273,12.774999999999999,0.3,0.0
35,274,12.949999999999996,0.3,0.0
35,275,13.125,0.3,0.0
35,276,13.299999999999997,0.3,0.0
35,277,13.474999999999994,0.3,0.0
35,278,13.649999999999999,0.3,0.0
35,279,13.824999999999996,0.3,0.0
35,280,14.0,0.3,0.0
35,281,14.174999999999997,0.3,0.0
35,282,14.349999999999994,0.3,0.0
35,283,14.524999999999999,0.3,0.0
35,284,14.699999999999996,0.3,0.0
35,285,14.875,0.3,0.0
35,286,15.049999999999997,0.3,0.0
35,287,15.224999999999994,0.3,0.0
35,288,15.399999999999999,0.3,0.0
35,289,15.574999999999996,0.3,0.0
35,290,15.75,0.3,0.0
35,291,15.924999999999997,0.3,0.0
35,292,16.099999999999994,0.3,0.0
35,293,16.275,0.3,0.0
35,294,16.449999999999996,0.3,0.0
35,295,16.625,0.3,0.0
35,296,16.799999999999997,0.3,0.0
35,297,16.974999999999994,0.3,0.0
35,298,17.15,0.3006731482932719,0.000673148293271919
35,299,17.324999999999996,0.30154468513126553,0.001544685131265544
35,300,17.5,0.30251899000603993,0.002518990006039945
35,301,17.674999999999997,0.3036074977620661,0.003607497762066092
35,302,17.849999999999994,0.3048227425831825,0.004822742583182493
35,303,18.025,0.30617841949728686,0.006178419497286869
35,304,18.199999999999996,0.3076894371544354,0.00768943715443543
35,305,18.375,0.3093719577123704,0.009371957712370427
35,306,18.549999999999997,0.31124341876000644,0.011243418760006452
35,307,18.724999999999994,0.3133225312265828,0.013322531226582834
35,308,18.9,0.3156292461960789,0.015629246196078916
35,309,19.074999999999996,0.31818468252823806,0.018184682528238072
35,310,19.25,0.3210110062609518,0.021011006260951814
35,311,19.424999999999997,0.32413125204762655,0.02413125204762656
35,312,19.599999999999994,0.3275690765174193,0.0275690765174193
35,313,19.775,0.3313484336231767,0.031348433623176686
35,314,19.949999999999996,0.33549316298267595,0.03549316298267596
35,315,20.125,0.34002648416720094,0.04002648416720095
35,316,20.299999999999997,0.3449703930929332,0.044970393092933214
35,317,20.474999999999994,0.35034496133802223,0.05034496133802224
35,318,20.65,0.3561675454742073,0.056167545474207325
35,319,20.824999999999996,0.3624519213588188,0.06245192135881883
35,320,21.0,0.3692073675652896,0.06920736756528961
35,321,21.174999999999997,0.37643773225033145,0.07643773225033146
35,322,21.349999999999994,0.3841405279593736,0.0841405279593736
35,323,21.525,0.39230610803322774,0.09230610803322775
35,324,21.699999999999996,0.40091698500950534,0.10091698500950536
35,325,21.874999999999993,0.4099473541965928,0.1099473541965928
35,326,22.049999999999997,0.4193628830129724,0.11936288301297243
35,327,22.224999999999994,0.4291208176830649,0.12912081768306494
35,328,22.4,0.4391704430939188,0.1391704430939188
35,329,22.574999999999996,0.4494539096094078,0.1494539096094078
35,330,22.749999999999993,0.45990741403400914,0.15990741403400915
35,331,22.924999999999997,0.4704626933296558,0.1704626933296558
35,332,23.099999999999994,0.48104876242112815,0.18104876242112816
35,333,23.275,0.49159380497525174,0.19159380497525175
35,334,23.449999999999996,0.5020271114878594,0.2020271114878594
35,335,23.624999999999993,0.5122809544407901,0.21228095444079015
35,336,23.799999999999997,0.5222922963652422,0.22229229636524223
35,337,23.974999999999994,0.532004242483812,0.23200424248381196
35,338,24.15,0.5413671729471293,0.24136717294712934
35,339,24.324999999999996,0.5503395173536553,0.2503395173536553
35,340,24.499999999999993,0.5588881627371505,0.2588881627371505
35,341,24.674999999999997,0.5669885122932827,0.26698851229328274
35,342,24.849999999999994,0.5746242333102587,0.2746242333102587
35,343,25.025,0.5817867475965492,0.28178674759654926
35,344,25.199999999999996,0.5884745257421858,0.28847452574218585
35,345,25.374999999999993,0.5946922482918788,0.29469224829187884
35,346,25.549999999999997,0.6004498934680391,0.30044989346803913
35,347,25.724999999999994,0.6057618039121542,0.3057618039121542
35,348,25.9,0.610645775522741,0.31064577552274103
35,349,26.074999999999996,0.6151222012148755,0.3151222012148755
35,350,26.249999999999993,0.6192132923915185,0.31921329239151847
35,351,26.424999999999997,0.6229423918581326,0.3229423918581326
35,352,26.599999999999994,0.6263333842748082,0.32633338427480824
35,353,26.775,0.6294102042059917,0.3294102042059917
35,354,26.949999999999996,0.632196437380546,0.332196437380546
35,355,27.124999999999993,0.6347150077666742,0.33471500776667423
35,356,27.299999999999997,0.6369879412770413,0.3369879412770413
35,357,27.474999999999994,0.6390361961023621,0.3390361961023621
35,358,27.65,0.6408795495851305,0.3408795495851305
35,359,27.824999999999996,0.6425365319722733,0.34253653197227335
35,360,27.999999999999993,0.6440243981443052,0.34402439814430524
35,361,28.174999999999997,0.6453591293644131,0.3453591293644131
35,362,28.349999999999994,0.6465554581148827,0.3465554581148827
35,363,28.525,0.6476269101127532,0.3476269101127532
35,364,28.699999999999996,0.6485858585697243,0.3485858585697243
35,365,28.874999999999993,0.6494435866517148,0.34944358665171477
35,366,29.049999999999997,0.65,0.35000000000000003
35,367,29.224999999999994,0.65,0.35000000000000003
35,368,29.39999999999999,0.65,0.35000000000000003
35,369,29.575000000000003,0.65,0.35000000000000003
35,370,29.75,0.65,0.35000000000000003
35,371,29.924999999999997,0.65,0.35000000000000003
35,372,30.099999999999994,0.65,0.35000000000000003
35,373,30.27499999999999,0.65,0.35000000000000003
35,374,30.450000000000003,0.65,0.35000000000000003
35,375,30.625,0.65,0.35000000000000003
35,376,30.799999999999997,0.65,0.35000000000000003
35,377,30.974999999999994,0.65,0.35000000000000003
35,378,31.14999999999999,0.65,0.35000000000000003
35,379,31.325000000000003,0.65,0.35000000000000003
35,380,31.5,0.65,0.35000000000000003
35,381,31.674999999999997,0.65,0.35000000000000003
35,382,31.849999999999994,0.65,0.35000000000000003
35,383,32.02499999999999,0.65,0.35000000000000003
35,384,32.19999999999999,0.65,0.35000000000000003
35,385,32.375,0.65,0.35000000000000003
35,386,32.55,0.65,0.35000000000000003
35,387,32.724999999999994,0.65,0.35000000000000003
35,388,32.89999999999999,0.65,0.35000000000000003
35,389,33.07499999999999,0.65,0.35000000000000003
35,390,33.25,0.65,0.35000000000000003
35,391,33.425,0.65,0.35000000000000003
35,392,33.599999999999994,0.65,0.35000000000000003
35,393,33.77499999999999,0.65,0.35000000000000003
35,394,33.94999999999999,0.65,0.35000000000000003
35,395,34.125,0.65,0.35000000000000003
35,396,34.3,0.65,0.35000000000000003
35,397,34.474999999999994,0.65,0.35000000000000003
35,398,34.64999999999999,0.65,0.35000000000000003
35,399,34.82499999999999,0.65,0.35000000000000003
35,400,35.0,0.65,0.35000000000000003
35,401,34.825,0.65,0.35000000000000003
35,402,34.65,0.65,0.35000000000000003
35,403,34.475,0.65,0.35000000000000003
35,404,34.3,0.65,0.35000000000000003
35,405,34.125,0.65,0.35000000000000003
35,406,33.95,0.65,0.35000000000000003
35,407,33.775,0.65,0.35000000000000003
35,408,33.6,0.65,0.35000000000000003
35,409,33.425,0.65,0.35000000000000003
35,410,33.25,0.65,0.35000000000000003
35,411,33.075,0.65,0.35000000000000003
35,412,32.9,0.65,0.35000000000000003
35,413,32.725,0.65,0.35000000000000003
35,414,32.55,0.65,0.35000000000000003
35,415,32.375,0.65,0.35000000000000003
35,416,32.2,0.65,0.35000000000000003
35,417,32.025,0.65,0.35000000000000003
35,418,31.85,0.65,0.35000000000000003
35,419,31.675,0.65,0.35000000000000003
35,420,31.5,0.65,0.35000000000000003
35,421,31.325,0.65,0.35000000000000003
35,422,31.15,0.65,0.35000000000000003
35,423,30.975,0.65,0.35000000000000003
35,424,30.8,0.65,0.35000000000000003
35,425,30.625,0.65,0.35000000000000003
35,426,30.45,0.65,0.35000000000000003
35,427,30.275,0.65,0.35000000000000003
35,428,30.1,0.65,0.35000000000000003
35,429,29.925,0.65,0.35000000000000003
35,430,29.75,0.65,0.35000000000000003
35,431,29.575,0.65,0.35000000000000003
35,432,29.4,0.65,0.35000000000000003
35,433,29.225,0.65,0.35000000000000003
35,434,29.05,0.65,0.35000000000000003
35,435,28.875,0.65,0.35000000000000003
35,436,28.7,0.65,0.35000000000000003
35,437,28.525,0.65,0.35000000000000003
35,438,28.35,0.65,0.35000000000000003
35,439,28.175,0.65,0.35000000000000003
35,440,28.0,0.65,0.35000000000000003
35,441,27.825,0.65,0.35000000000000003
35,442,27.65,0.65,0.35000000000000003
35,443,27.475,0.65,0.35000000000000003
35,444,27.3,0.65,0.35000000000000003
35,445,27.125,0.65,0.35000000000000003
35,446,26.950000000000003,0.65,0.35000000000000003
35,447,26.775,0.65,0.35000000000000003
35,448,26.6,0.65,0.35000000000000003
35,449,26.425,0.65,0.35000000000000003
35,450,26.25,0.65,0.35000000000000003
35,451,26.075000000000003,0.65,0.35000000000000003
35,452,25.9,0.65,0.35000000000000003
35,453,25.725,0.65,0.35000000000000003
35,454,25.55,0.65,0.35000000000000003
35,455,25.375,0.65,0.35000000000000003
35,456,25.200000000000003,0.65,0.35000000000000003
35,457,25.025,0.65,0.35000000000000003
35,458,24.85,0.65,0.35000000000000003
35,459,24.675,0.65,0.35000000000000003
35,460,24.5,0.65,0.35000000000000003
35,461,24.325000000000003,0.65,0.35000000000000003
35,462,24.15,0.65,0.35000000000000003
35,463,23.975,0.65,0.35000000000000003
35,464,23.8,0.65,0.35000000000000003
35,465,23.625,0.65,0.35000000000000003
35,466,23.450000000000003,0.65,0.35000000000000003
35,467,23.275,0.65,0.35000000000000003
35,468,23.1,0.65,0.35000000000000003
35,469,22.925,0.65,0.35000000000000003
35,470,22.75,0.65,0.35000000000000003
35,471,22.575000000000003,0.65,0.35000000000000003
35,472,22.4,0.65,0.35000000000000003
35,473,22.225,0.65,0.35000000000000003
35,474,22.05,0.65,0.35000000000000003
35,475,21.875,0.65,0.35000000000000003
35,476,21.700000000000003,0.65,0.35000000000000003
35,477,21.525,0.65,0.35000000000000003
35,478,21.35,0.65,0.35000000000000003
35,479,21.175,0.65,0.35000000000000003
35,480,21.0,0.65,0.35000000000000003
35,481,20.825000000000003,0.65,0.35000000000000003
35,482,20.65,0.65,0.35000000000000003
35,483,20.475,0.65,0.35000000000000003
35,484,20.3,0.65,0.35000000000000003
35,485,20.125,0.65,0.35000000000000003
35,486,19.950000000000003,0.65,0.35000000000000003
35,487,19.775,0.65,0.35000000000000003
35,488,19.6,0.65,0.35000000000000003
35,489,19.425,0.65,0.35000000000000003
35,490,19.25,0.65,0.35000000000000003
35,491,19.075000000000003,0.65,0.35000000000000003
35,492,18.900000000000002,0.65,0.35000000000000003
35,493,18.725,0.65,0.35000000000000003
35,494,18.55,0.65,0.35000000000000003
35,495,18.375,0.65,0.35000000000000003
35,496,18.200000000000003,0.65,0.35000000000000003
35,497,18.025000000000002,0.65,0.35000000000000003
35,498,17.85,0.65,0.35000000000000003
35,499,17.675,0.65,0.35000000000000003
35,500,17.5,0.65,0.35000000000000003
35,501,17.325000000000003,0.65,0.35000000000000003
35,502,17.150000000000002,0.65,0.35000000000000003
35,503,16.975,0.65,0.35000000000000003
35,504,16.8,0.65,0.35000000000000003
35,505,16.625,0.65,0.35000000000000003
35,506,16.450000000000003,0.65,0.35000000000000003
35,507,16.275000000000002,0.65,0.35000000000000003
35,508,16.1,0.65,0.35000000000000003
35,509,15.925,0.65,0.35000000000000003
35,510,15.75,0.65,0.35000000000000003
35,511,15.575000000000003,0.65,0.35000000000000003
35,512,15.400000000000002,0.65,0.35000000000000003
35,513,15.225000000000001,0.65,0.35000000000000003
35,514,15.05,0.65,0.35000000000000003
35,515,14.875,0.65,0.35000000000000003
35,516,14.700000000000003,0.65,0.35000000000000003
35,517,14.525000000000002,0.65,0.35000000000000003
35,518,14.350000000000001,0.65,0.35000000000000003
35,519,14.175,0.65,0.35000000000000003
35,520,14.0,0.65,0.35000000000000003
35,521,13.825000000000003,0.65,0.35000000000000003
35,522,13.650000000000002,0.65,0.35000000000000003
35,523,13.475000000000001,0.65,0.35000000000000003
35,524,13.3,0.65,0.35000000000000003
35,525,13.125,0.65,0.35000000000000003
35,526,12.950000000000003,0.65,0.35000000000000003
35,527,12.775000000000002,0.65,0.35000000000000003
35,528,12.600000000000001,0.65,0.35000000000000003
35,529,12.425,0.65,0.35000000000000003
35,530,12.25,0.65,0.35000000000000003
35,531,12.075000000000003,0.65,0.35000000000000003
35,532,11.900000000000002,0.65,0.35000000000000003
35,533,11.725000000000001,0.65,0.35000000000000003
35,534,11.55,0.65,0.35000000000000003
35,535,11.375,0.65,0.35000000000000003
35,536,11.200000000000003,0.65,0.35000000000000003
35,537,11.025000000000002,0.65,0.35000000000000003
35,538,10.850000000000001,0.65,0.35000000000000003
35,539,10.675,0.65,0.35000000000000003
35,540,10.5,0.65,0.35000000000000003
35,541,10.325000000000003,0.65,0.35000000000000003
35,542,10.150000000000002,0.65,0.35000000000000003
35,543,9.975000000000001,0.65,0.35000000000000003
35,544,9.8,0.65,0.35000000000000003
35,545,9.625,0.65,0.35000000000000003
35,546,9.450000000000003,0.65,0.35000000000000003
35,547,9.275000000000002,0.65,0.35000000000000003
35,548,9.100000000000001,0.65,0.35000000000000003
35,549,8.925,0.65,0.35000000000000003
35,550,8.75,0.65,0.35000000000000003
35,551,8.575000000000003,0.65,0.35000000000000003
35,552,8.400000000000002,0.65,0.35000000000000003
35,553,8.225000000000001,0.65,0.35000000000000003
35,554,8.05,0.65,0.35000000000000003
35,555,7.875,0.65,0.35000000000000003
35,556,7.700000000000003,0.65,0.35000000000000003
35,557,7.525000000000002,0.65,0.35000000000000003
35,558,7.350000000000001,0.65,0.35000000000000003
35,559,7.175000000000001,0.65,0.35000000000000003
35,560,7.0,0.65,0.35000000000000003
35,561,6.825000000000003,0.65,0.35000000000000003
35,562,6.650000000000002,0.65,0.35000000000000003
35,563,6.475000000000001,0.65,0.35000000000000003
35,564,6.300000000000001,0.65,0.35000000000000003
35,565,6.1250000000000036,0.65,0.35000000000000003
35,566,5.950000000000003,0.65,0.35000000000000003
35,567,5.775000000000002,0.65,0.35000000000000003
35,568,5.600000000000001,0.65,0.35000000000000003
35,569,5.425000000000001,0.65,0.35000000000000003
35,570,5.2500000000000036,0.65,0.35000000000000003
35,571,5.075000000000003,0.65,0.35000000000000003
35,572,4.900000000000002,0.65,0.35000000000000003
35,573,4.725000000000001,0.65,0.35000000000000003
35,574,4.550000000000001,0.65,0.35000000000000003
35,575,4.3750000000000036,0.65,0.35000000000000003
35,576,4.200000000000003,0.65,0.35000000000000003
35,577,4.025000000000002,0.65,0.35000000000000003
35,578,3.8500000000000014,0.65,0.35000000000000003
35,579,3.6750000000000007,0.65,0.35000000000000003
35,580,3.5000000000000036,0.65,0.35000000000000003
35,581,3.325000000000003,0.65,0.35000000000000003
35,582,3.150000000000002,0.65,0.35000000000000003
35,583,2.9750000000000014,0.65,0.35000000000000003
35,584,2.8000000000000043,0.65,0.35000000000000003
35,585,2.625,0.65,0.35000000000000003
35,586,2.450000000000003,0.65,0.35000000000000003
35,587,2.2749999999999986,0.65,0.35000000000000003
35,588,2.1000000000000014,0.65,0.35000000000000003
35,589,1.9250000000000043,0.65,0.35000000000000003
35,590,1.75,0.65,0.35000000000000003
35,591,1.5750000000000028,0.65,0.35000000000000003
35,592,1.4000000000000057,0.65,0.35000000000000003
35,593,1.2250000000000014,0.65,0.35000000000000003
35,594,1.0500000000000043,0.65,0.35000000000000003
35,595,0.875,0.65,0.35000000000000003
35,596,0.7000000000000028,0.65,0.35000000000000003
35,597,0.5250000000000057,0.65,0.35000000000000003
35,598,0.3500000000000014,0.65,0.35000000000000003
35,599,0.17500000000000426,0.65,0.35000000000000003
35,600,0.0,0.65,0.35000000000000003
35,601,-0.17499999999999716,0.65,0.35000000000000003
35,602,-0.3499999999999943,0.65,0.35000000000000003
35,603,-0.5249999999999986,0.65,0.35000000000000003
35,604,-0.6999999999999957,0.65,0.35000000000000003
35,605,-0.875,0.65,0.35000000000000003
35,606,-1.0499999999999972,0.65,0.35000000000000003
35,607,-1.2249999999999943,0.65,0.35000000000000003
35,608,-1.3999999999999986,0.65,0.35000000000000003
35,609,-1.5749999999999957,0.65,0.35000000000000003
35,610,-1.75,0.65,0.35000000000000003
35,611,-1.9249999999999972,0.65,0.35000000000000003
35,612,-2.0999999999999943,0.65,0.35000000000000003
35,613,-2.2749999999999986,0.65,0.35000000000000003
35,614,-2.4499999999999957,0.65,0.35000000000000003
35,615,-2.625,0.65,0.35000000000000003
35,616,-2.799999999999997,0.65,0.35000000000000003
35,617,-2.9749999999999943,0.65,0.35000000000000003
35,618,-3.1499999999999986,0.65,0.35000000000000003
35,619,-3.3249999999999957,0.65,0.35000000000000003
35,620,-3.5,0.65,0.35000000000000003
35,621,-3.674999999999997,0.65,0.35000000000000003
35,622,-3.8499999999999943,0.65,0.35000000000000003
35,623,-4.024999999999999,0.65,0.35000000000000003
35,624,-4.199999999999996,0.65,0.35000000000000003
35,625,-4.375,0.65,0.35000000000000003
35,626,-4.549999999999997,0.65,0.35000000000000003
35,627,-4.724999999999994,0.65,0.35000000000000003
35,628,-4.899999999999999,0.65,0.35000000000000003
35,629,-5.074999999999996,0.65,0.35000000000000003
35,630,-5.25,0.65,0.35000000000000003
35,631,-5.424999999999997,0.65,0.35000000000000003
35,632,-5.599999999999994,0.65,0.35000000000000003
35,633,-5.774999999999999,0.65,0.35000000000000003
35,634,-5.949999999999996,0.65,0.35000000000000003
35,635,-6.125,0.65,0.35000000000000003
35,636,-6.299999999999997,0.65,0.35000000000000003
35,637,-6.474999999999994,0.65,0.35000000000000003
35,638,-6.649999999999999,0.65,0.35000000000000003
35,639,-6.824999999999996,0.65,0.35000000000000003
35,640,-7.0,0.65,0.35000000000000003
35,641,-7.174999999999997,0.65,0.35000000000000003
35,642,-7.349999999999994,0.65,0.35000000000000003
35,643,-7.524999999999999,0.65,0.35000000000000003
35,644,-7.699999999999996,0.65,0.35000000000000003
35,645,-7.875,0.65,0.35000000000000003
35,646,-8.049999999999997,0.65,0.35000000000000003
35,647,-8.224999999999994,0.65,0.35000000000000003
35,648,-8.399999999999999,0.65,0.35000000000000003
35,649,-8.574999999999996,0.65,0.35000000000000003
35,650,-8.75,0.65,0.35000000000000003
35,651,-8.924999999999997,0.65,0.35000000000000003
35,652,-9.099999999999994,0.65,0.35000000000000003
35,653,-9.274999999999999,0.65,0.35000000000000003
35,654,-9.449999999999996,0.65,0.35000000000000003
35,655,-9.625,0.65,0.35000000000000003
35,656,-9.799999999999997,0.65,0.35000000000000003
35,657,-9.974999999999994,0.65,0.35000000000000003
35,658,-10.149999999999999,0.65,0.35000000000000003
35,659,-10.324999999999996,0.65,0.35000000000000003
35,660,-10.5,0.65,0.35000000000000003
35,661,-10.674999999999997,0.65,0.35000000000000003
35,662,-10.849999999999994,0.65,0.35000000000000003
35,663,-11.024999999999999,0.65,0.35000000000000003
35,664,-11.199999999999996,0.65,0.35000000000000003
35,665,-11.375,0.65,0.35000000000000003
35,666,-11.549999999999997,0.65,0.35000000000000003
35,667,-11.724999999999994,0.65,0.35000000000000003
35,668,-11.899999999999999,0.65,0.35000000000000003
35,669,-12.074999999999996,0.65,0.35000000000000003
35,670,-12.25,0.65,0.35000000000000003
35,671,-12.424999999999997,0.65,0.35000000000000003
35,672,-12.599999999999994,0.65,0.35000000000000003
35,673,-12.774999999999999,0.65,0.35000000000000003
35,674,-12.949999999999996,0.65,0.35000000000000003
35,675,-13.125,0.65,0.35000000000000003
35,676,-13.299999999999997,0.65,0.35000000000000003
35,677,-13.474999999999994,0.65,0.35000000000000003
35,678,-13.649999999999999,0.65,0.35000000000000003
35,679,-13.824999999999996,0.65,0.35000000000000003
35,680,-14.0,0.65,0.35000000000000003
35,681,-14.174999999999997,0.65,0.35000000000000003
35,682,-14.349999999999994,0.65,0.35000000000000003
35,683,-14.524999999999999,0.65,0.35000000000000003
35,684,-14.699999999999996,0.65,0.35000000000000003
35,685,-14.875,0.65,0.35000000000000003
35,686,-15.049999999999997,0.65,0.35000000000000003
35,687,-15.224999999999994,0.65,0.35000000000000003
35,688,-15.399999999999999,0.65,0.35000000000000003
35,689,-15.574999999999996,0.65,0.35000000000000003
35,690,-15.75,0.65,0.35000000000000003
35,691,-15.924999999999997,0.65,0.35000000000000003
35,692,-16.099999999999994,0.65,0.35000000000000003
35,693,-16.275,0.65,0.35000000000000003
35,694,-16.449999999999996,0.65,0.35000000000000003
35,695,-16.625,0.65,0.35000000000000003
35,696,-16.799999999999997,0.65,0.35000000000000003
35,697,-16.974999999999994,0.65,0.35000000000000003
35,698,-17.15,0.6493268517067281,0.3493268517067281
35,699,-17.324999999999996,0.6484553148687345,0.34845531486873454
35,700,-17.5,0.6474810099939601,0.3474810099939601
35,701,-17.674999999999997,0.646392502237934,0.346392502237934
35,702,-17.849999999999994,0.6451772574168175,0.34517725741681754
35,703,-18.025,0.6438215805027131,0.3438215805027131
35,704,-18.199999999999996,0.6423105628455646,0.34231056284556466
35,705,-18.375,0.6406280422876296,0.3406280422876296
35,706,-18.549999999999997,0.6387565812399936,0.3387565812399936
35,707,-18.724999999999994,0.6366774687734172,0.33667746877341725
35,708,-18.9,0.634370753803921,0.33437075380392106
35,709,-19.074999999999996,0.631815317471762,0.331815317471762
35,710,-19.25,0.6289889937390483,0.3289889937390483
35,711,-19.424999999999997,0.6258687479523735,0.32586874795237347
35,712,-19.599999999999994,0.6224309234825807,0.3224309234825807
35,713,-19.775,0.6186515663768234,0.3186515663768234
35,714,-19.949999999999996,0.6145068370173241,0.3145068370173241
35,715,-20.125,0.6099735158327991,0.30997351583279914
35,716,-20.299999999999997,0.6050296069070669,0.3050296069070669
35,717,-20.474999999999994,0.5996550386619778,0.2996550386619778
35,718,-20.65,0.5938324545257927,0.2938324545257927
35,719,-20.824999999999996,0.5875480786411812,0.2875480786411812
35,720,-21.0,0.5807926324347105,0.2807926324347105
35,721,-21.174999999999997,0.5735622677496686,0.2735622677496686
35,722,-21.349999999999994,0.5658594720406264,0.2658594720406264
35,723,-21.525,0.5576938919667723,0.25769389196677234
35,724,-21.699999999999996,0.5490830149904946,0.24908301499049462
35,725,-21.874999999999993,0.5400526458034073,0.2400526458034073
35,726,-22.049999999999997,0.5306371169870276,0.23063711698702766
35,727,-22.224999999999994,0.5208791823169351,0.2208791823169351
35,728,-22.4,0.5108295569060812,0.21082955690608124
35,729,-22.574999999999996,0.5005460903905922,0.20054609039059218
35,730,-22.749999999999993,0.4900925859659908,0.19009258596599082
35,731,-22.924999999999997,0.4795373066703442,0.17953730667034423
35,732,-23.099999999999994,0.4689512375788719,0.16895123757887193
35,733,-23.275,0.4584061950247482,0.15840619502474823
35,734,-23.449999999999996,0.44797288851214057,0.14797288851214058
35,735,-23.624999999999993,0.4377190455592099,0.13771904555920988
35,736,-23.799999999999997,0.4277077036347578,0.1277077036347578
35,737,-23.974999999999994,0.4179957575161881,0.11799575751618813
35,738,-24.15,0.4086328270528707,0.1086328270528707
35,739,-24.324999999999996,0.39966048264634474,0.09966048264634475
35,740,-24.499999999999993,0.3911118372628496,0.0911118372628496
35,741,-24.674999999999997,0.3830114877067173,0.08301148770671729
35,742,-24.849999999999994,0.3753757666897413,0.07537576668974133
35,743,-25.025,0.3682132524034508,0.06821325240345083
35,744,-25.199999999999996,0.36152547425781417,0.06152547425781418
35,745,-25.374999999999993,0.35530775170812123,0.055307751708121244
35,746,-25.549999999999997,0.34955010653196084,0.04955010653196085
35,747,-25.724999999999994,0.3442381960878459,0.044238196087845905
35,748,-25.9,0.339354224477259,0.039354224477259
35,749,-26.074999999999996,0.3348777987851245,0.034877798785124536
35,750,-26.249999999999993,0.33078670760848156,0.030786707608481567
35,751,-26.424999999999997,0.3270576081418674,0.027057608141867417
35,752,-26.599999999999994,0.32366661572519173,0.023666615725191742
35,753,-26.775,0.3205897957940083,0.020589795794008325
35,754,-26.949999999999996,0.317803562619454,0.01780356261945404
35,755,-27.124999999999993,0.3152849922333258,0.0152849922333258
35,756,-27.299999999999997,0.31301205872295873,0.013012058722958741
35,757,-27.474999999999994,0.3109638038976379,0.010963803897637903
35,758,-27.65,0.30912045041486946,0.009120450414869474
35,759,-27.824999999999996,0.3074634680277267,0.0074634680277267385
35,760,-27.999999999999993,0.3059756018556947,0.005975601855694734
35,761,-28.174999999999997,0.3046408706355869,0.004640870635586936
35,762,-28.349999999999994,0.30344454188511727,0.0034445418851172804
35,763,-28.525,0.30237308988724676,0.002373089887246771
35,764,-28.699999999999996,0.30141414143027573,0.0014141414302757394
35,765,-28.874999999999993,0.3005564133482852,0.0005564133482852118
35,766,-29.049999999999997,0.3,0.0
35,767,-29.224999999999994,0.3,0.0
35,768,-29.39999999999999,0.3,0.0
35,769,-29.575000000000003,0.3,0.0
35,770,-29.75,0.3,0.0
35,771,-29.924999999999997,0.3,0.0
35,772,-30.099999999999994,0.3,0.0
35,773,-30.27499999999999,0.3,0.0
35,774,-30.450000000000003,0.3,0.0
35,775,-30.625,0.3,0.0
35,776,-30.799999999999997,0.3,0.0
35,777,-30.974999999999994,0.3,0.0
35,778,-31.14999999999999,0.3,0.0
35,779,-31.325000000000003,0.3,0.0
35,780,-31.5,0.3,0.0
35,781,-31.674999999999997,0.3,0.0
35,782,-31.849999999999994,0.3,0.0
35,783,-32.02499999999999,0.3,0.0
35,784,-32.19999999999999,0.3,0.0
35,785,-32.375,0.3,0.0
35,786,-32.55,0.3,0.0
35,787,-32.724999999999994,0.3,0.0
35,788,-32.89999999999999,0.3,0.0
35,789,-33.07499999999999,0.3,0.0
35,790,-33.25,0.3,0.0
35,791,-33.425,0.3,0.0
35,792,-33.599999999999994,0.3,0.0
35,793,-33.77499999999999,0.3,0.0
35,794,-33.94999999999999,0.3,0.0
35,795,-34.125,0.3,0.0
35,796,-34.3,0.3,0.0
35,797,-34.474999999999994,0.3,0.0
35,798,-34.64999999999999,0.3,0.0
35,799,-34.82499999999999,0.3,0.0
35,800,-35.0,0.3,0.0
25,0,-25.0,0.3,0.0
25,1,-24.875,0.3,0.0
25,2,-24.75,0.3,0.0
25,3,-24.625,0.3,0.0
25,4,-24.5,0.3,0.0
25,5,-24.375,0.3,0.0
25,6,-24.25,0.3,0.0
25,7,-24.125,0.3,0.0
25,8,-24.0,0.3,0.0
25,9,-23.875,0.3,0.0
25,10,-23.75,0.3,0.0
25,11,-23.625,0.3,0.0
25,12,-23.5,0.3,0.0
25,13,-23.375,0.3,0.0
25,14,-23.25,0.3,0.0
25,15,-23.125,0.3,0.0
25,16,-23.0,0.3,0.0
25,17,-22.875,0.3,0.0
25,18,-22.75,0.3,0.0
25,19,-22.625,0.3,0.0
25,20,-22.5,0.3,0.0
25,21,-22.375,0.3,0.0
25,22,-22.25,0.3,0.0
25,23,-22.125,0.3,0.0
25,24,-22.0,0.3,0.0
25,25,-21.875,0.3,0.0
25,26,-21.75,0.3,0.0
25,27,-21.625,0.3,0.0
25,28,-21.5,0.3,0.0
25,29,-21.375,0.3,0.0
25,30,-21.25,0.3,0.0
25,31,-21.125,0.3,0.0
25,32,-21.0,0.3,0.0
25,33,-20.875,0.3,0.0
25,34,-20.75,0.3,0.0
25,35,-20.625,0.3,0.0
25,36,-20.5,0.3,0.0
25,37,-20.375,0.3,0.0
25,38,-20.25,0.3,0.0
25,39,-20.125,0.3,0.0
25,40,-20.0,0.3,0.0
25,41,-19.875,0.3,0.0
25,42,-19.75,0.3,0.0
25,43,-19.625,0.3,0.0
25,44,-19.5,0.3,0.0
25,45,-19.375,0.3,0.0
25,46,-19.25,0.3,0.0
25,47,-19.125,0.3,0.0
25,48,-19.0,0.3,0.0
25,49,-18.875,0.3,0.0
25,50,-18.75,0.3,0.0
25,51,-18.625,0.3,0.0
25,52,-18.5,0.3,0.0
25,53,-18.375,0.3,0.0
25,54,-18.25,0.3,0.0
25,55,-18.125,0.3,0.0
25,56,-18.0,0.3,0.0
25,57,-17.875,0.3,0.0
25,58,-17.75,0.3,0.0
25,59,-17.625,0.3,0.0
25,60,-17.5,0.3,0.0
25,61,-17.375,0.3,0.0
25,62,-17.25,0.3,0.0
25,63,-17.125,0.3,0.0
25,64,-17.0,0.3,0.0
25,65,-16.875,0.3,0.0
25,66,-16.75,0.3,0.0
25,67,-16.625,0.3,0.0
25,68,-16.5,0.3,0.0
25,69,-16.375,0.3,0.0
25,70,-16.25,0.3,0.0
25,71,-16.125,0.3,0.0
25,72,-16.0,0.3,0.0
25,73,-15.875,0.3,0.0
25,74,-15.75,0.3,0.0
25,75,-15.625,0.3,0.0
25,76,-15.5,0.3,0.0
25,77,-15.375,0.3,0.0
25,78,-15.25,0.3,0.0
25,79,-15.125,0.3,0.0
25,80,-15.0,0.3,0.0
25,81,-14.875,0.3,0.0
25,82,-14.75,0.3,0.0
25,83,-14.625,0.3,0.0
25,84,-14.5,0.3,0.0
25,85,-14.375,0.3,0.0
25,86,-14.25,0.3,0.0
25,87,-14.125,0.3,0.0
25,88,-14.0,0.3,0.0
25,89,-13.875,0.3,0.0
25,90,-13.75,0.3,0.0
25,91,-13.625,0.3,0.0
25,92,-13.5,0.3,0.0
25,93,-13.375,0.3,0.0
25,94,-13.25,0.3,0.0
25,95,-13.125,0.3,0.0
25,96,-13.0,0.3,0.0
25,97,-12.875,0.3,0.0
25,98,-12.75,0.3,0.0
25,99,-12.625,0.3,0.0
25,100,-12.5,0.3,0.0
25,101,-12.375,0.3,0.0
25,102,-12.25,0.3,0.0
25,103,-12.125,0.3,0.0
25,104,-12.0,0.3,0.0
25,105,-11.875,0.3,0.0
25,106,-11.75,0.3,0.0
25,107,-11.625,0.3,0.0
25,108,-11.5,0.3,0.0
25,109,-11.375,0.3,0.0
25,110,-11.25,0.3,0.0
25,111,-11.125,0.3,0.0
25,112,-11.0,0.3,0.0
25,113,-10.875,0.3,0.0
25,114,-10.75,0.3,0.0
25,115,-10.625,0.3,0.0
25,116,-10.5,0.3,0.0
25,117,-10.375,0.3,0.0
25,118,-10.25,0.3,0.0
25,119,-10.125,0.3,0.0
25,120,-10.0,0.3,0.0
25,121,-9.875,0.3,0.0
25,122,-9.75,0.3,0.0
25,123,-9.625,0.3,0.0
25,124,-9.5,0.3,0.0
25,125,-9.375,0.3,0.0
25,126,-9.25,0.3,0.0
25,127,-9.125,0.3,0.0
25,128,-9.0,0.3,0.0
25,129,-8.875,0.3,0.0
25,130,-8.75,0.3,0.0
25,131,-8.625,0.3,0.0
25,132,-8.5,0.3,0.0
25,133,-8.375,0.3,0.0
25,134,-8.25,0.3,0.0
25,135,-8.125,0.3,0.0
25,136,-8.0,0.3,0.0
25,137,-7.875,0.3,0.0
25,138,-7.75,0.3,0.0
25,139,-7.625,0.3,0.0
25,140,-7.5,0.3,0.0
25,141,-7.375,0.3,0.0
25,142,-7.25,0.3,0.0
25,143,-7.125,0.3,0.0
25,144,-7.0,0.3,0.0
25,145,-6.875,0.3,0.0
25,146,-6.75,0.3,0.0
25,147,-6.625,0.3,0.0
25,148,-6.5,0.3,0.0
25,149,-6.375,0.3,0.0
25,150,-6.25,0.3,0.0
25,151,-6.125,0.3,0.0
25,152,-6.0,0.3,0.0
25,153,-5.875,0.3,0.0
25,154,-5.75,0.3,0.0
25,155,-5.625,0.3,0.0
25,156,-5.5,0.3,0.0
25,157,-5.375,0.3,0.0
25,158,-5.25,0.3,0.0
25,159,-5.125,0.3,0.0
25,160,-5.0,0.3,0.0
25,161,-4.875,0.3,0.0
25,162,-4.75,0.3,0.0
25,163,-4.625,0.3,0.0
25,164,-4.5,0.3,0.0
25,165,-4.375,0.3,0.0
25,166,-4.25,0.3,0.0
25,167,-4.125,0.3,0.0
25,168,-4.0,0.3,0.0
25,169,-3.875,0.3,0.0
25,170,-3.75,0.3,0.0
25,171,-3.625,0.3,0.0
25,172,-3.5,0.3,0.0
25,173,-3.375,0.3,0.0
25,174,-3.25,0.3,0.0
25,175,-3.125,0.3,0.0
25,176,-3.0,0.3,0.0
25,177,-2.875,0.3,0.0
25,178,-2.75,0.3,0.0
25,179,-2.625,0.3,0.0
25,180,-2.5,0.3,0.0
25,181,-2.375,0.3,0.0
25,182,-2.25,0.3,0.0
25,183,-2.125,0.3,0.0
25,184,-2.0,0.3,0.0
25,185,-1.875,0.3,0.0
25,186,-1.75,0.3,0.0
25,187,-1.625,0.3,0.0
25,188,-1.5,0.3,0.0
25,189,-1.375,0.3,0.0
25,190,-1.25,0.3,0.0
25,191,-1.125,0.3,0.0
25,192,-1.0,0.3,0.0
25,193,-0.875,0.3,0.0
25,194,-0.75,0.3,0.0
25,195,-0.625,0.3,0.0
25,196,-0.5,0.3,0.0
25,197,-0.375,0.3,0.0
25,198,-0.25,0.3,0.0
25,199,-0.125,0.3,0.0
25,200,0.0,0.3,0.0
25,201,0.125,0.3,0.0
25,202,0.25,0.3,0.0
25,203,0.375,0.3,0.0
25,204,0.5,0.3,0.0
25,205,0.625,0.3,0.0
25,206,0.75,0.3,0.0
25,207,0.875,0.3,0.0
25,208,1.0,0.3,0.0
25,209,1.125,0.3,0.0
25,210,1.25,0.3,0.0
25,211,1.375,0.3,0.0
25,212,1.5,0.3,0.0
25,213,1.625,0.3,0.0
25,214,1.75,0.3,0.0
25,215,1.875,0.3,0.0
25,216,2.0,0.3,0.0
25,217,2.125,0.3,0.0
25,218,2.25,0.3,0.0
25,219,2.375,0.3,0.0
25,220,2.5,0.3,0.0
25,221,2.625,0.3,0.0
25,222,2.75,0.3,0.0
25,223,2.875,0.3,0.0
25,224,3.0,0.3,0.0
25,225,3.125,0.3,0.0
25,226,3.25,0.3,0.0
25,227,3.375,0.3,0.0
25,228,3.5,0.3,0.0
25,229,3.625,0.3,0.0
25,230,3.75,0.3,0.0
25,231,3.875,0.3,0.0
25,232,4.0,0.3,0.0
25,233,4.125,0.3,0.0
25,234,4.25,0.3,0.0
25,235,4.375,0.3,0.0
25,236,4.5,0.3,0.0
25,237,4.625,0.3,0.0
25,238,4.75,0.3,0.0
25,239,4.875,0.3,0.0
25,240,5.0,0.3,0.0
25,241,5.125,0.3,0.0
25,242,5.25,0.3,0.0
25,243,5.375,0.3,0.0
25,244,5.5,0.3,0.0
25,245,5.625,0.3,0.0
25,246,5.75,0.3,0.0
25,247,5.875,0.3,0.0
25,248,6.0,0.3,0.0
25,249,6.125,0.3,0.0
25,250,6.25,0.3,0.0
25,251,6.375,0.3,0.0
25,252,6.5,0.3,0.0
25,253,6.625,0.3,0.0
25,254,6.75,0.3,0.0
25,255,6.875,0.3,0.0
25,256,7.0,0.3,0.0
25,257,7.125,0.3,0.0
25,258,7.25,0.3,0.0
25,259,7.375,0.3,0.0
25,260,7.5,0.3,0.0
25,261,7.625,0.3,0.0
25,262,7.75,0.3,0.0
25,263,7.875,0.3,0.0
25,264,8.0,0.3,0.0
25,265,8.125,0.3,0.0
25,266,8.25,0.3,0.0
25,267,8.375,0.3,0.0
25,268,8.5,0.3,0.0
25,269,8.625,0.3,0.0
25,270,8.75,0.3,0.0
25,271,8.875,0.3,0.0
25,272,9.0,0.3,0.0
25,273,9.125,0.3,0.0
25,274,9.25,0.3,0.0
25,275,9.375,0.3,0.0
25,276,9.5,0.3,0.0
25,277,9.625,0.3,0.0
25,278,9.75,0.3,0.0
25,279,9.875,0.3,0.0
25,280,10.0,0.3,0.0
25,281,10.125,0.3,0.0
25,282,10.25,0.3,0.0
25,283,10.375,0.3,0.0
25,284,10.5,0.3,0.0
25,285,10.625,0.3,0.0
25,286,10.75,0.3,0.0
25,287,10.875,0.3,0.0
25,288,11.0,0.3,0.0
25,289,11.125,0.3,0.0
25,290,11.25,0.3,0.0
25,291,11.375,0.3,0.0
25,292,11.5,0.3,0.0
25,293,11.625,0.3,0.0
25,294,11.75,0.3,0.0
25,295,11.875,0.3,0.0
25,296,12.0,0.3,0.0
25,297,12.125,0.3,0.0
25,298,12.25,0.3,0.0
25,299,12.375,0.3,0.0
25,300,12.5,0.3,0.0
25,301,12.625,0.3,0.0
25,302,12.75,0.3,0.0
25,303,12.875,0.3,0.0
25,304,13.0,0.3,0.0
25,305,13.125,0.3,0.0
25,306,13.25,0.3,0.0
25,307,13.375,0.3,0.0
25,308,13.5,0.3,0.0
25,309,13.625,0.3,0.0
25,310,13.75,0.3,0.0
25,311,13.875,0.3,0.0
25,312,14.0,0.3,0.0
25,313,14.125,0.3,0.0
25,314,14.25,0.3,0.0
25,315,14.375,0.3,0.0
25,316,14.5,0.3,0.0
25,317,14.625,0.3,0.0
25,318,14.75,0.3,0.0
25,319,14.875,0.3,0.0
25,320,15.0,0.3,0.0
25,321,15.125,0.3,0.0
25,322,15.25,0.3,0.0
25,323,15.375,0.3,0.0
25,324,15.5,0.3,0.0
25,325,15.625,0.3,0.0
25,326,15.75,0.3,0.0
25,327,15.875,0.3,0.0
25,328,16.0,0.3,0.0
25,329,16.125,0.3,0.0
25,330,16.25,0.3,0.0
25,331,16.375,0.3,0.0
25,332,16.5,0.3,0.0
25,333,16.625,0.3,0.0
25,334,16.75,0.3,0.0
25,335,16.875,0.3,0.0
25,336,17.0,0.3,0.0
25,337,17.125,0.30055641334828515,0.0005564133482851563
25,338,17.25,0.30115921493911385,0.0011592149391138618
25,339,17.375,0.3018120912906242,0.001812091290624207
25,340,17.5,0.30251899000603993,0.002518990006039945
25,341,17.625,0.30328413259149717,0.0032841325914971797
25,342,17.75,0.3041120268321897,0.004112026832189697
25,343,17.875,0.3050074784671813,0.005007478467181303
25,344,18.0,0.30597560185569467,0.005975601855694679
25,345,18.125,0.3070218292750306,0.007021829275030589
25,346,18.25,0.30815191843261475,0.008151918432614758
25,347,18.375,0.3093719577123704,0.009371957712370427
25,348,18.5,0.3106883686093358,0.010688368609335808
25,349,18.625,0.3121079047372386,0.012107904737238606
25,350,18.75,0.3136376467231343,0.013637646723134333
25,351,18.875,0.3152849922333257,0.01528499223332569
25,352,19.0,0.31705764030838945,0.017057640308389466
25,353,19.125,0.3189635691258166,0.018963569125816593
25,354,19.25,0.3210110062609518,0.021011006260951814
25,355,19.375,0.323208390485957,0.02320839048595702
25,356,19.5,0.32556432413873493,0.02556432413873494
25,357,19.625,0.3280875151163484,0.028087515116348438
25,358,19.75,0.3307867076084814,0.0307867076084814
25,359,19.875,0.33367060079447525,0.03367060079447526
25,360,20.0,0.33674775489122727,0.03674775489122728
25,361,20.125,0.34002648416720094,0.04002648416720095
25,362,20.25,0.34351473683740075,0.04351473683740076
25,363,20.375,0.34721996213093737,0.047219962130937376
25,364,20.5,0.35114896527930284,0.05114896527930285
25,365,20.625,0.35530775170812096,0.05530775170812097
25,366,20.75,0.3597013623209476,0.05970136232094764
25,367,20.875,0.364333702427097,0.06433370242709702
25,368,21.0,0.3692073675652896,0.06920736756528961
25,369,21.125,0.37432347018172557,0.07432347018172558
25,370,21.25,0.3796814717973034,0.0796814717973034
25,371,21.375,0.3852790258988939,0.08527902589889391
25,372,21.5,0.3911118372628493,0.09111183726284933
25,373,21.625,0.3971735437113023,0.09717354371130232
25,374,21.75,0.4034556263603285,0.10345562636032851
25,375,21.875,0.40994735419659317,0.10994735419659318
25,376,22.0,0.41663576827997906,0.11663576827997907
25,377,22.125,0.42350570999519355,0.12350570999519356
25,378,22.25,0.43053989656885305,0.13053989656885306
25,379,22.375,0.4377190455592095,0.1377190455592095
25,380,22.5,0.44502204827009484,0.14502204827009485
25,381,22.625,0.45242619012174123,0.15242619012174125
25,382,22.75,0.4599074140340096,0.1599074140340096
25,383,22.875,0.46744062096243455,0.16744062096243456
25,384,23.0,0.475,0.175
25,385,23.125,0.4825593790375654,0.18255937903756542
25,386,23.25,0.4900925859659904,0.19009258596599043
25,387,23.375,0.4975738098782587,0.19757380987825873
25,388,23.5,0.5049779517299051,0.20497795172990513
25,389,23.625,0.5122809544407906,0.2122809544407906
25,390,23.75,0.519460103431147,0.21946010343114702
25,391,23.875,0.5264942900048064,0.22649429000480642
25,392,24.0,0.533364231720021,0.23336423172002102
25,393,24.125,0.5400526458034068,0.24005264580340685
25,394,24.25,0.5465443736396715,0.24654437363967147
25,395,24.375,0.5528264562886978,0.25282645628869777
25,396,24.5,0.5588881627371507,0.2588881627371507
25,397,24.625,0.5647209741011061,0.2647209741011061
25,398,24.75,0.5703185282026966,0.2703185282026966
25,399,24.875,0.5756765298182744,0.27567652981827445
25,400,25.0,0.5807926324347104,0.28079263243471037
25,401,24.875,0.5807926324347104,0.28079263243471037
25,402,24.75,0.5807926324347104,0.28079263243471037
25,403,24.625,0.5807926324347104,0.28079263243471037
25,404,24.5,0.5807926324347104,0.28079263243471037
25,405,24.375,0.5807926324347104,0.28079263243471037
25,406,24.25,0.5807926324347104,0.28079263243471037
25,407,24.125,0.5807926324347104,0.28079263243471037
25,408,24.0,0.5807926324347104,0.28079263243471037
25,409,23.875,0.5807926324347104,0.28079263243471037
25,410,23.75,0.5807926324347104,0.28079263243471037
25,411,23.625,0.5807926324347104,0.28079263243471037
25,412,23.5,0.5807926324347104,0.28079263243471037
25,413,23.375,0.5807926324347104,0.28079263243471037
25,414,23.25,0.5807926324347104,0.28079263243471037
25,415,23.125,0.5807926324347104,0.28079263243471037
25,416,23.0,0.5807926324347104,0.28079263243471037
25,417,22.875,0.5807926324347104,0.28079263243471037
25,418,22.75,0.5807926324347104,0.28079263243471037
25,419,22.625,0.5807926324347104,0.28079263243471037
25,420,22.5,0.5807926324347104,0.28079263243471037
25,421,22.375,0.5807926324347104,0.28079263243471037
25,422,22.25,0.5807926324347104,0.28079263243471037
25,423,22.125,0.5807926324347104,0.28079263243471037
25,424,22.0,0.5807926324347104,0.28079263243471037
25,425,21.875,0.5807926324347104,0.28079263243471037
25,426,21.75,0.5807926324347104,0.28079263243471037
25,427,21.625,0.5807926324347104,0.28079263243471037
25,428,21.5,0.5807926324347104,0.28079263243471037
25,429,21.375,0.5807926324347104,0.28079263243471037
25,430,21.25,0.5807926324347104,0.28079263243471037
25,431,21.125,0.5807926324347104,0.28079263243471037
25,432,21.0,0.5807926324347104,0.28079263243471037
25,433,20.875,0.5807926324347104,0.28079263243471037
25,434,20.75,0.5807926324347104,0.28079263243471037
25,435,20.625,0.5807926324347104,0.28079263243471037
25,436,20.5,0.5807926324347104,0.28079263243471037
25,437,20.375,0.5807926324347104,0.28079263243471037
25,438,20.25,0.5807926324347104,0.28079263243471037
25,439,20.125,0.5807926324347104,0.28079263243471037
25,440,20.0,0.5807926324347104,0.28079263243471037
25,441,19.875,0.5807926324347104,0.28079263243471037
25,442,19.75,0.5807926324347104,0.28079263243471037
25,443,19.625,0.5807926324347104,0.28079263243471037
25,444,19.5,0.5807926324347104,0.28079263243471037
25,445,19.375,0.5807926324347104,0.28079263243471037
25,446,19.25,0.5807926324347104,0.28079263243471037
25,447,19.125,0.5807926324347104,0.28079263243471037
25,448,19.0,0.5807926324347104,0.28079263243471037
25,449,18.875,0.5807926324347104,0.28079263243471037
25,450,18.75,0.5807926324347104,0.28079263243471037
25,451,18.625,0.5807926324347104,0.28079263243471037
25,452,18.5,0.5807926324347104,0.28079263243471037
25,453,18.375,0.5807926324347104,0.28079263243471037
25,454,18.25,0.5807926324347104,0.28079263243471037
25,455,18.125,0.5807926324347104,0.28079263243471037
25,456,18.0,0.5807926324347104,0.28079263243471037
25,457,17.875,0.5807926324347104,0.28079263243471037
25,458,17.75,0.5807926324347104,0.28079263243471037
25,459,17.625,0.5807926324347104,0.28079263243471037
25,460,17.5,0.5807926324347104,0.28079263243471037
25,461,17.375,0.5807926324347104,0.28079263243471037
25,462,17.25,0.5807926324347104,0.28079263243471037
25,463,17.125,0.5807926324347104,0.28079263243471037
25,464,17.0,0.5807926324347104,0.28079263243471037
25,465,16.875,0.5807926324347104,0.28079263243471037
25,466,16.75,0.5807926324347104,0.28079263243471037
25,467,16.625,0.5807926324347104,0.28079263243471037
25,468,16.5,0.5807926324347104,0.28079263243471037
25,469,16.375,0.5807926324347104,0.28079263243471037
25,470,16.25,0.5807926324347104,0.28079263243471037
25,471,16.125,0.5807926324347104,0.28079263243471037
25,472,16.0,0.5807926324347104,0.28079263243471037
25,473,15.875,0.5807926324347104,0.28079263243471037
25,474,15.75,0.5807926324347104,0.28079263243471037
25,475,15.625,0.5807926324347104,0.28079263243471037
25,476,15.5,0.5807926324347104,0.28079263243471037
25,477,15.375,0.5807926324347104,0.28079263243471037
25,478,15.25,0.5807926324347104,0.28079263243471037
25,479,15.125,0.5807926324347104,0.28079263243471037
25,480,15.0,0.5807926324347104,0.28079263243471037
25,481,14.875,0.5807926324347104,0.28079263243471037
25,482,14.75,0.5807926324347104,0.28079263243471037
25,483,14.625,0.5807926324347104,0.28079263243471037
25,484,14.5,0.5807926324347104,0.28079263243471037
25,485,14.375,0.5807926324347104,0.28079263243471037
25,486,14.25,0.5807926324347104,0.28079263243471037
25,487,14.125,0.5807926324347104,0.28079263243471037
25,488,14.0,0.5807926324347104,0.28079263243471037
25,489,13.875,0.5807926324347104,0.28079263243471037
25,490,13.75,0.5807926324347104,0.28079263243471037
25,491,13.625,0.5807926324347104,0.28079263243471037
25,492,13.5,0.5807926324347104,0.28079263243471037
25,493,13.375,0.5807926324347104,0.28079263243471037
25,494,13.25,0.5807926324347104,0.28079263243471037
25,495,13.125,0.5807926324347104,0.28079263243471037
25,496,13.0,0.5807926324347104,0.28079263243471037
25,497,12.875,0.5807926324347104,0.28079263243471037
25,498,12.75,0.5807926324347104,0.28079263243471037
25,499,12.625,0.5807926324347104,0.28079263243471037
25,500,12.5,0.5807926324347104,0.28079263243471037
25,501,12.375,0.5807926324347104,0.28079263243471037
25,502,12.25,0.5807926324347104,0.28079263243471037
25,503,12.125,0.5807926324347104,0.28079263243471037
25,504,12.0,0.5807926324347104,0.28079263243471037
25,505,11.875,0.5807926324347104,0.28079263243471037
25,506,11.75,0.5807926324347104,0.28079263243471037
25,507,11.625,0.5807926324347104,0.28079263243471037
25,508,11.5,0.5807926324347104,0.28079263243471037
25,509,11.375,0.5807926324347104,0.28079263243471037
25,510,11.25,0.5807926324347104,0.28079263243471037
25,511,11.125,0.5807926324347104,0.28079263243471037
25,512,11.0,0.5807926324347104,0.28079263243471037
25,513,10.875,0.5807926324347104,0.28079263243471037
25,514,10.75,0.5807926324347104,0.28079263243471037
25,515,10.625,0.5807926324347104,0.28079263243471037
25,516,10.5,0.5807926324347104,0.28079263243471037
25,517,10.375,0.5807926324347104,0.28079263243471037
25,518,10.25,0.5807926324347104,0.28079263243471037
25,519,10.125,0.5807926324347104,0.28079263243471037
25,520,10.0,0.5807926324347104,0.28079263243471037
25,521,9.875,0.5807926324347104,0.28079263243471037
25,522,9.75,0.5807926324347104,0.28079263243471037
25,523,9.625,0.5807926324347104,0.28079263243471037
25,524,9.5,0.5807926324347104,0.28079263243471037
25,525,9.375,0.5807926324347104,0.28079263243471037
25,526,9.25,0.5807926324347104,0.28079263243471037
25,527,9.125,0.5807926324347104,0.28079263243471037
25,528,9.0,0.5807926324347104,0.28079263243471037
25,529,8.875,0.5807926324347104,0.28079263243471037
25,530,8.75,0.5807926324347104,0.28079263243471037
25,531,8.625,0.5807926324347104,0.28079263243471037
25,532,8.5,0.5807926324347104,0.28079263243471037
25,533,8.375,0.5807926324347104,0.28079263243471037
25,534,8.25,0.5807926324347104,0.28079263243471037
25,535,8.125,0.5807926324347104,0.28079263243471037
25,536,8.0,0.5807926324347104,0.28079263243471037
25,537,7.875,0.5807926324347104,0.28079263243471037
25,538,7.75,0.5807926324347104,0.28079263243471037
25,539,7.625,0.5807926324347104,0.28079263243471037
25,540,7.5,0.5807926324347104,0.28079263243471037
25,541,7.375,0.5807926324347104,0.28079263243471037
25,542,7.25,0.5807926324347104,0.28079263243471037
25,543,7.125,0.5807926324347104,0.28079263243471037
25,544,7.0,0.5807926324347104,0.28079263243471037
25,545,6.875,0.5807926324347104,0.28079263243471037
25,546,6.75,0.5807926324347104,0.28079263243471037
25,547,6.625,0.5807926324347104,0.28079263243471037
25,548,6.5,0.5807926324347104,0.28079263243471037
25,549,6.375,0.5807926324347104,0.28079263243471037
25,550,6.25,0.5807926324347104,0.28079263243471037
25,551,6.125,0.5807926324347104,0.28079263243471037
25,552,6.0,0.5807926324347104,0.28079263243471037
25,553,5.875,0.5807926324347104,0.28079263243471037
25,554,5.75,0.5807926324347104,0.28079263243471037
25,555,5.625,0.5807926324347104,0.28079263243471037
25,556,5.5,0.5807926324347104,0.28079263243471037
25,557,5.375,0.5807926324347104,0.28079263243471037
25,558,5.25,0.5807926324347104,0.28079263243471037
25,559,5.125,0.5807926324347104,0.28079263243471037
25,560,5.0,0.5807926324347104,0.28079263243471037
25,561,4.875,0.5807926324347104,0.28079263243471037
25,562,4.75,0.5807926324347104,0.28079263243471037
25,563,4.625,0.5807926324347104,0.28079263243471037
25,564,4.5,0.5807926324347104,0.28079263243471037
25,565,4.375,0.5807926324347104,0.28079263243471037
25,566,4.25,0.5807926324347104,0.28079263243471037
25,567,4.125,0.5807926324347104,0.28079263243471037
25,568,4.0,0.5807926324347104,0.28079263243471037
25,569,3.875,0.5807926324347104,0.28079263243471037
25,570,3.75,0.5807926324347104,0.28079263243471037
25,571,3.625,0.5807926324347104,0.28079263243471037
25,572,3.5,0.5807926324347104,0.28079263243471037
25,573,3.375,0.5807926324347104,0.28079263243471037
25,574,3.25,0.5807926324347104,0.28079263243471037
25,575,3.125,0.5807926324347104,0.28079263243471037
25,576,3.0,0.5807926324347104,0.28079263243471037
25,577,2.875,0.5807926324347104,0.28079263243471037
25,578,2.75,0.5807926324347104,0.28079263243471037
25,579,2.625,0.5807926324347104,0.28079263243471037
25,580,2.5,0.5807926324347104,0.28079263243471037
25,581,2.375,0.5807926324347104,0.28079263243471037
25,582,2.25,0.5807926324347104,0.28079263243471037
25,583,2.125,0.5807926324347104,0.28079263243471037
25,584,2.0,0.5807926324347104,0.28079263243471037
25,585,1.875,0.5807926324347104,0.28079263243471037
25,586,1.75,0.5807926324347104,0.28079263243471037
25,587,1.625,0.5807926324347104,0.28079263243471037
25,588,1.5,0.5807926324347104,0.28079263243471037
25,589,1.375,0.5807926324347104,0.28079263243471037
25,590,1.25,0.5807926324347104,0.28079263243471037
25,591,1.125,0.5807926324347104,0.28079263243471037
25,592,1.0,0.5807926324347104,0.28079263243471037
25,593,0.875,0.5807926324347104,0.28079263243471037
25,594,0.75,0.5807926324347104,0.28079263243471037
25,595,0.625,0.5807926324347104,0.28079263243471037
25,596,0.5,0.5807926324347104,0.28079263243471037
25,597,0.375,0.5807926324347104,0.28079263243471037
25,598,0.25,0.5807926324347104,0.28079263243471037
25,599,0.125,0.5807926324347104,0.28079263243471037
25,600,0.0,0.5807926324347104,0.28079263243471037
25,601,-0.125,0.5807926324347104,0.28079263243471037
25,602,-0.25,0.5807926324347104,0.28079263243471037
25,603,-0.375,0.5807926324347104,0.28079263243471037
25,604,-0.5,0.5807926324347104,0.28079263243471037
25,605,-0.625,0.5807926324347104,0.28079263243471037
25,606,-0.75,0.5807926324347104,0.28079263243471037
25,607,-0.875,0.5807926324347104,0.28079263243471037
25,608,-1.0,0.5807926324347104,0.28079263243471037
25,609,-1.125,0.5807926324347104,0.28079263243471037
25,610,-1.25,0.5807926324347104,0.28079263243471037
25,611,-1.375,0.5807926324347104,0.28079263243471037
25,612,-1.5,0.5807926324347104,0.28079263243471037
25,613,-1.625,0.5807926324347104,0.28079263243471037
25,614,-1.75,0.5807926324347104,0.28079263243471037
25,615,-1.875,0.5807926324347104,0.28079263243471037
25,616,-2.0,0.5807926324347104,0.28079263243471037
25,617,-2.125,0.5807926324347104,0.28079263243471037
25,618,-2.25,0.5807926324347104,0.28079263243471037
25,619,-2.375,0.5807926324347104,0.28079263243471037
25,620,-2.5,0.5807926324347104,0.28079263243471037
25,621,-2.625,0.5807926324347104,0.28079263243471037
25,622,-2.75,0.5807926324347104,0.28079263243471037
25,623,-2.875,0.5807926324347104,0.28079263243471037
25,624,-3.0,0.5807926324347104,0.28079263243471037
25,625,-3.125,0.5807926324347104,0.28079263243471037
25,626,-3.25,0.5807926324347104,0.28079263243471037
25,627,-3.375,0.5807926324347104,0.28079263243471037
25,628,-3.5,0.5807926324347104,0.28079263243471037
25,629,-3.625,0.5807926324347104,0.28079263243471037
25,630,-3.75,0.5807926324347104,0.28079263243471037
25,631,-3.875,0.5807926324347104,0.28079263243471037
25,632,-4.0,0.5807926324347104,0.28079263243471037
25,633,-4.125,0.5807926324347104,0.28079263243471037
25,634,-4.25,0.5807926324347104,0.28079263243471037
25,635,-4.375,0.5807926324347104,0.28079263243471037
25,636,-4.5,0.5807926324347104,0.28079263243471037
25,637,-4.625,0.5807926324347104,0.28079263243471037
25,638,-4.75,0.5807926324347104,0.28079263243471037
25,639,-4.875,0.5807926324347104,0.28079263243471037
25,640,-5.0,0.5807926324347104,0.28079263243471037
25,641,-5.125,0.5807926324347104,0.28079263243471037
25,642,-5.25,0.5807926324347104,0.28079263243471037
25,643,-5.375,0.5807926324347104,0.28079263243471037
25,644,-5.5,0.5807926324347104,0.28079263243471037
25,645,-5.625,0.5807926324347104,0.28079263243471037
25,646,-5.75,0.5807926324347104,0.28079263243471037
25,647,-5.875,0.5807926324347104,0.28079263243471037
25,648,-6.0,0.5807926324347104,0.28079263243471037
25,649,-6.125,0.5807926324347104,0.28079263243471037
25,650,-6.25,0.5807926324347104,0.28079263243471037
25,651,-6.375,0.5807926324347104,0.28079263243471037
25,652,-6.5,0.5807926324347104,0.28079263243471037
25,653,-6.625,0.5807926324347104,0.28079263243471037
25,654,-6.75,0.5807926324347104,0.28079263243471037
25,655,-6.875,0.5807926324347104,0.28079263243471037
25,656,-7.0,0.5807926324347104,0.28079263243471037
25,657,-7.125,0.5807926324347104,0.28079263243471037
25,658,-7.25,0.5807926324347104,0.28079263243471037
25,659,-7.375,0.5807926324347104,0.28079263243471037
25,660,-7.5,0.5807926324347104,0.28079263243471037
25,661,-7.625,0.5807926324347104,0.28079263243471037
25,662,-7.75,0.5807926324347104,0.28079263243471037
25,663,-7.875,0.5807926324347104,0.28079263243471037
25,664,-8.0,0.5807926324347104,0.28079263243471037
25,665,-8.125,0.5807926324347104,0.28079263243471037
25,666,-8.25,0.5807926324347104,0.28079263243471037
25,667,-8.375,0.5807926324347104,0.28079263243471037
25,668,-8.5,0.5807926324347104,0.28079263243471037
25,669,-8.625,0.5807926324347104,0.28079263243471037
25,670,-8.75,0.5807926324347104,0.28079263243471037
25,671,-8.875,0.5807926324347104,0.28079263243471037
25,672,-9.0,0.5807926324347104,0.28079263243471037
25,673,-9.125,0.5807926324347104,0.28079263243471037
25,674,-9.25,0.5807926324347104,0.28079263243471037
25,675,-9.375,0.5807926324347104,0.28079263243471037
25,676,-9.5,0.5807926324347104,0.28079263243471037
25,677,-9.625,0.5807926324347104,0.28079263243471037
25,678,-9.75,0.5807926324347104,0.28079263243471037
25,679,-9.875,0.5807926324347104,0.28079263243471037
25,680,-10.0,0.5807926324347104,0.28079263243471037
25,681,-10.125,0.5807926324347104,0.28079263243471037
25,682,-10.25,0.5807926324347104,0.28079263243471037
25,683,-10.375,0.5807926324347104,0.28079263243471037
25,684,-10.5,0.5807926324347104,0.28079263243471037
25,685,-10.625,0.5807926324347104,0.28079263243471037
25,686,-10.75,0.5807926324347104,0.28079263243471037
25,687,-10.875,0.5807926324347104,0.28079263243471037
25,688,-11.0,0.5807926324347104,0.28079263243471037
25,689,-11.125,0.5807926324347104,0.28079263243471037
25,690,-11.25,0.5807926324347104,0.28079263243471037
25,691,-11.375,0.5807926324347104,0.28079263243471037
25,692,-11.5,0.5807926324347104,0.28079263243471037
25,693,-11.625,0.5807926324347104,0.28079263243471037
25,694,-11.75,0.5807926324347104,0.28079263243471037
25,695,-11.875,0.5807926324347104,0.28079263243471037
25,696,-12.0,0.5807926324347104,0.28079263243471037
25,697,-12.125,0.5807926324347104,0.28079263243471037
25,698,-12.25,0.5807926324347104,0.28079263243471037
25,699,-12.375,0.5807926324347104,0.28079263243471037
25,700,-12.5,0.5807926324347104,0.28079263243471037
25,701,-12.625,0.5807926324347104,0.28079263243471037
25,702,-12.75,0.5807926324347104,0.28079263243471037
25,703,-12.875,0.5807926324347104,0.28079263243471037
25,704,-13.0,0.5807926324347104,0.28079263243471037
25,705,-13.125,0.5807926324347104,0.28079263243471037
25,706,-13.25,0.5807926324347104,0.28079263243471037
25,707,-13.375,0.5807926324347104,0.28079263243471037
25,708,-13.5,0.5807926324347104,0.28079263243471037
25,709,-13.625,0.5807926324347104,0.28079263243471037
25,710,-13.75,0.5807926324347104,0.28079263243471037
25,711,-13.875,0.5807926324347104,0.28079263243471037
25,712,-14.0,0.5807926324347104,0.28079263243471037
25,713,-14.125,0.5807926324347104,0.28079263243471037
25,714,-14.25,0.5807926324347104,0.28079263243471037
25,715,-14.375,0.5807926324347104,0.28079263243471037
25,716,-14.5,0.5807926324347104,0.28079263243471037
25,717,-14.625,0.5807926324347104,0.28079263243471037
25,718,-14.75,0.5807926324347104,0.28079263243471037
25,719,-14.875,0.5807926324347104,0.28079263243471037
25,720,-15.0,0.5807926324347104,0.28079263243471037
25,721,-15.125,0.5807926324347104,0.28079263243471037
25,722,-15.25,0.5807926324347104,0.28079263243471037
25,723,-15.375,0.5807926324347104,0.28079263243471037
25,724,-15.5,0.5807926324347104,0.28079263243471037
25,725,-15.625,0.5807926324347104,0.28079263243471037
25,726,-15.75,0.5807926324347104,0.28079263243471037
25,727,-15.875,0.5807926324347104,0.28079263243471037
25,728,-16.0,0.5807926324347104,0.28079263243471037
25,729,-16.125,0.5807926324347104,0.28079263243471037
25,730,-16.25,0.5807926324347104,0.28079263243471037
25,731,-16.375,0.5807926324347104,0.28079263243471037
25,732,-16.5,0.5807926324347104,0.28079263243471037
25,733,-16.625,0.5807926324347104,0.28079263243471037
25,734,-16.75,0.5807926324347104,0.28079263243471037
25,735,-16.875,0.5807926324347104,0.28079263243471037
25,736,-17.0,0.5807926324347104,0.28079263243471037
25,737,-17.125,0.580109270475453,0.28010927047545303
25,738,-17.25,0.5793388556241207,0.2793388556241207
25,739,-17.375,0.5784708737401486,0.2784708737401486
25,740,-17.5,0.5774936986094169,0.2774936986094169
25,741,-17.625,0.5763945178856125,0.2763945178856125
25,742,-17.75,0.5751592669300162,0.2751592669300162
25,743,-17.875,0.5737725753204614,0.27377257532046145
25,744,-18.0,0.5722177319825734,0.27221773198257343
25,745,-18.125,0.5704766762130943,0.2704766762130943
25,746,-18.25,0.5685300232748829,0.2685300232748829
25,747,-18.375,0.5663571346728339,0.2663571346728339
25,748,-18.5,0.5639362445543823,0.2639362445543823
25,749,-18.625,0.5612446547503582,0.26124465475035824
25,750,-18.75,0.5582590115545126,0.25825901155451264
25,751,-18.875,0.5549556771421199,0.2549556771421199
25,752,-19.0,0.5513112072005012,0.2513112072005012
25,753,-19.125,0.5473029434991392,0.24730294349913923
25,754,-19.25,0.5429097253769583,0.24290972537695826
25,755,-19.375,0.5381127171468527,0.23811271714685273
25,756,-19.5,0.5328963390460323,0.2328963390460323
25,757,-19.625,0.5272492776981327,0.2272492776981327
25,758,-19.75,0.5211655385946834,0.2211655385946834
25,759,-19.875,0.5146454888437146,0.21464548884371465
25,760,-20.0,0.5076968249175721,0.20769682491757208
25,761,-20.125,0.500335389410116,0.20033538941011603
25,762,-20.25,0.49258575525158776,0.19258575525158778
25,763,-20.375,0.48448149776168226,0.18448149776168227
25,764,-20.5,0.4760650861623587,0.17606508616235872
25,765,-20.625,0.46738734746755145,0.16738734746755146
25,766,-20.75,0.458506486216775,0.158506486216775
25,767,-20.875,0.4494866807332392,0.14948668073323923
25,768,-21.0,0.4403963162173552,0.1403963162173552
25,769,-21.125,0.4313059517014711,0.13130595170147114
25,770,-21.25,0.42228614621793537,0.12228614621793538
25,771,-21.375,0.4134052849671589,0.1134052849671589
25,772,-21.5,0.40472754627235163,0.10472754627235165
25,773,-21.625,0.39631113467302814,0.09631113467302815
25,774,-21.75,0.3882068771831225,0.08820687718312253
25,775,-21.875,0.38045724302459427,0.08045724302459428
25,776,-22.0,0.3730958075171382,0.07309580751713823
25,777,-22.125,0.36614714359099565,0.06614714359099566
25,778,-22.25,0.3596270938400269,0.0596270938400269
25,779,-22.375,0.3535433547365776,0.05354335473657762
25,780,-22.5,0.347896293388678,0.04789629338867801
25,781,-22.625,0.3426799152878576,0.042679915287857584
25,782,-22.75,0.33788290705775215,0.03788290705775216
25,783,-22.875,0.3334896889355711,0.03348968893557114
25,784,-23.0,0.3294814252342092,0.029481425234209213
25,785,-23.125,0.3258369552925905,0.025836955292590502
25,786,-23.25,0.3225336208801977,0.022533620880197724
25,787,-23.375,0.31954797768435206,0.01954797768435207
25,788,-23.5,0.3168563878803281,0.016856387880328116
25,789,-23.625,0.3144354977618765,0.014435497761876526
25,790,-23.75,0.31226260915982745,0.012262609159827464
25,791,-23.875,0.310315956221616,0.010315956221616018
25,792,-24.0,0.3085749004521369,0.008574900452136935
25,793,-24.125,0.30702005711424885,0.007020057114248857
25,794,-24.25,0.3056333655046941,0.005633365504694121
25,795,-24.375,0.3043981145490979,0.004398114549097887
25,796,-24.5,0.30329893382529344,0.0032989338252934486
25,797,-24.625,0.30232175869456174,0.0023217586945617485
25,798,-24.75,0.3014537768105896,0.0014537768105896132
25,799,-24.875,0.3006833619592573,0.0006833619592573337
25,800,-25.0,0.3,0.0
