bias_abs_V,input_a_V,input_b_V,common_V,output_A,effective_mA,delta_M_independent
8.0,0.0,0.0,-4.064649110978405,-0.012945233187571036,12.945233187571036,0.0
8.0,0.16399999999999998,0.0,-4.013987324459171,-0.013111883801121148,13.111883801121149,0.0
8.0,0.32799999999999996,0.0,-3.9633255379399355,-0.013278534414671264,13.278534414671265,0.0
8.0,0.49199999999999994,0.0,-3.912663751420701,-0.013445185028221378,13.445185028221378,0.0
8.0,0.6559999999999999,0.0,-3.8620019649014656,-0.013611835641771495,13.611835641771494,0.0
8.0,0.8199999999999998,0.0,-3.811340178382231,-0.013778486255321609,13.778486255321608,0.0
8.0,0.9839999999999999,0.0,-3.760678391862996,-0.013945136868871725,13.945136868871725,0.0
8.0,1.148,0.0,-3.7100166053437613,-0.014111787482421837,14.111787482421837,0.0
8.0,1.3119999999999998,0.0,-3.6593548188245264,-0.014278438095971952,14.278438095971952,0.0
8.0,1.4759999999999998,0.0,-3.6086930323052915,-0.014445088709522068,14.445088709522068,0.0
8.0,1.6399999999999997,0.0,-3.558031245786057,-0.01461173932307218,14.61173932307218,0.0
8.0,1.8039999999999998,0.0,-3.5073694592668216,-0.014778389936622296,14.778389936622297,0.0
8.0,1.9679999999999997,0.0,-3.456707672747587,-0.01494504055017241,14.945040550172411,0.0
8.0,2.1319999999999997,0.0,-3.4060458862283522,-0.015111691163722527,15.111691163722528,0.0
8.0,2.296,0.0,-3.3553840997091173,-0.015278341777272641,15.278341777272642,0.0
8.0,2.4599999999999995,0.0,-3.3047223131898824,-0.015444992390822754,15.444992390822755,0.0
8.0,2.6239999999999997,0.0,-3.254060526670648,-0.01561164300437287,15.61164300437287,0.0
8.0,2.788,0.0,-3.203398740151413,-0.015778293617922982,15.778293617922982,0.0
8.0,2.9519999999999995,0.0,-3.152736953632178,-0.015944944231473097,15.944944231473096,0.0
8.0,3.1159999999999997,0.0,-3.1020751671129427,-0.016111594845023215,16.111594845023216,0.0
8.0,3.2799999999999994,0.0,-3.0514133805937083,-0.01627824545857333,16.27824545857333,0.0
8.0,3.4439999999999995,0.0,-3.000751594074474,-0.01644489607212344,16.44489607212344,0.0
8.0,3.6079999999999997,0.0,-2.9500898075552384,-0.016611546685673557,16.611546685673556,0.0
8.0,3.7719999999999994,0.0,-2.899428021036004,-0.016778197299223672,16.77819729922367,0.0
8.0,3.9359999999999995,0.0,-2.8487662345167695,-0.016944847912773783,16.94484791277378,0.0
8.0,4.1,0.0,-2.798104447997534,-0.0171114985263239,17.1114985263239,0.0004941427217368122
8.0,4.263999999999999,0.0,-2.747442661478299,-0.017278149139874015,17.278149139874014,0.00130173321941085
8.0,4.427999999999999,0.0,-2.696780874959065,-0.017444799753424126,17.444799753424125,0.0021998975549258337
8.0,4.592,0.0,-2.64611908843983,-0.017611450366974243,17.611450366974243,0.0031982439546334174
8.0,4.755999999999999,0.0,-2.595457301920595,-0.017778100980524358,17.778100980524357,0.004307267797242276
8.0,4.919999999999999,0.0,-2.54479551540136,-0.017944751594074475,17.944751594074475,0.005538401519936009
8.0,5.084,0.0,-2.494133728882125,-0.01811140220762459,18.11140220762459,0.006904059005114427
8.0,5.247999999999999,0.0,-2.4434719423628906,-0.0182780528211747,18.2780528211747,0.008417671721195452
8.0,5.411999999999999,0.0,-2.3928101558436556,-0.01844470343472482,18.44470343472482,0.01009371330570863
8.0,5.576,0.0,-2.3421483693244207,-0.018611354048274933,18.611354048274933,0.011947708636145138
8.0,5.739999999999999,0.0,-2.291486582805186,-0.018778004661825044,18.778004661825044,0.013996222749622145
8.0,5.903999999999999,0.0,-2.2408247962859513,-0.01894465527537516,18.944655275375162,0.016256824273088444
8.0,6.068,0.0,-2.190163009766716,-0.01911130588892528,19.11130588892528,0.01874801735210646
8.0,6.231999999999999,0.0,-2.139501223247481,-0.01927795650247539,19.27795650247539,0.021489135475683374
8.0,6.395999999999999,0.0,-2.0888394367282466,-0.019444607116025504,19.444607116025505,0.024500190164456703
8.0,6.559999999999999,0.0,-2.0381776502090116,-0.019611257729575622,19.611257729575623,0.02780166731867806
8.0,6.723999999999999,0.0,-1.9875158636897767,-0.019777908343125733,19.777908343125734,0.03141426423153598
8.0,6.887999999999999,0.0,-1.936854077170542,-0.019944558956675847,19.94455895667585,0.03535856100195989
8.0,7.051999999999999,0.0,-1.8861922906513073,-0.020111209570225965,20.111209570225967,0.0396546214804665
8.0,7.215999999999999,0.0,-1.8355305041320722,-0.020277860183776076,20.277860183776077,0.04432152110214066
8.0,7.379999999999999,0.0,-1.7848687176128373,-0.020444510797326194,20.444510797326195,0.04937680213201062
8.0,7.543999999999999,0.0,-1.7342069310936028,-0.020611161410876308,20.611161410876306,0.054835861051635126
8.0,7.707999999999999,0.0,-1.6835451445743677,-0.020777812024426422,20.77781202442642,0.060711278051871764
8.0,7.871999999999999,0.0,-1.632883358055133,-0.020944462637976537,20.944462637976535,0.0670121047464372
8.0,8.036,0.0,-1.5822215715358978,-0.02111111325152665,21.11111325152665,0.0737431330091628
8.0,8.2,0.0,-1.5315597850166633,-0.021277763865076765,21.277763865076764,0.08090417480672418
8.0,8.363999999999999,0.0,-1.4808979984974286,-0.02144441447862688,21.44441447862688,0.08848938939908746
8.0,8.527999999999999,0.0,-1.4302362119781935,-0.021611065092176994,21.611065092176993,0.09648669949492289
8.0,8.691999999999998,0.0,-1.3795744254589588,-0.02177771570572711,21.777715705727108,0.10487734095712525
8.0,8.855999999999998,0.0,-1.3289126389397243,-0.021944366319277223,21.944366319277222,0.1136355905360335
8.0,9.02,0.0,-1.2782508524204885,-0.02211101693282734,22.11101693282734,0.12272871209750424
8.0,9.184,0.0,-1.227589065901254,-0.022277667546377455,22.277667546377454,0.13211715346255454
8.0,9.347999999999999,0.0,-1.1769272793820194,-0.02244431815992757,22.44431815992757,0.14175501331944268
8.0,9.511999999999999,0.0,-1.1262654928627849,-0.02261096877347768,22.61096877347768,0.1515907813380622
8.0,9.675999999999998,0.0,-1.0756037063435497,-0.022777619387027798,22.777619387027798,0.1615683358634153
8.0,9.839999999999998,0.0,-1.024941919824315,-0.022944270000577912,22.944270000577912,0.17162816417698112
8.0,10.004,0.0,-0.9742801333050799,-0.023110920614128026,23.110920614128027,0.18170875240423418
8.0,10.168,0.0,-0.9236183467858448,-0.02327757122767814,23.27757122767814,0.19174807784509446
8.0,10.331999999999999,0.0,-0.8729565602666102,-0.023444221841228255,23.444221841228256,0.20168512761615892
8.0,10.495999999999999,0.0,-0.8222947737473756,-0.02361087245477837,23.61087245477837,0.2114613651806852
8.0,10.659999999999998,0.0,-0.771632987228141,-0.023777523068328484,23.777523068328485,0.22102207091145804
8.0,10.823999999999998,0.0,-0.7209712007089059,-0.023944173681878598,23.9441736818786,0.23031749367828253
8.0,10.987999999999998,0.0,-0.6703094141896713,-0.024110824295428712,24.110824295428714,0.23930376617157761
8.0,11.152,0.0,-0.6196476276704361,-0.02427747490897883,24.27747490897883,0.247943555315513
8.0,11.315999999999999,0.0,-0.568985841151201,-0.024444125522528944,24.444125522528946,0.25620643852531505
8.0,11.479999999999999,0.0,-0.5183240546319664,-0.02461077613607906,24.610776136079057,0.2640690146892016
8.0,11.643999999999998,0.0,-0.46766226811273176,-0.024777426749629173,24.77742674962917,0.27151477397806784
8.0,11.807999999999998,0.0,-0.4170004815934972,-0.024944077363179284,24.944077363179282,0.27853376185503814
8.0,11.971999999999998,0.0,-0.36633869507426203,-0.0251107279767294,25.1107279767294,0.2851220795473329
8.0,12.136,0.0,-0.3156769085550269,-0.02527737859027952,25.27737859027952,0.2912812658952933
8.0,12.299999999999999,0.0,-0.2650151220357923,-0.02544402920382963,25.44402920382963,0.29701760448012654
8.0,12.463999999999999,0.0,-0.21435333551655716,-0.025610679817379748,25.610679817379747,0.30234139608852334
8.0,12.627999999999998,0.0,-0.16369154899732255,-0.025777330430929862,25.77733043092986,0.30726623083287047
8.0,12.791999999999998,0.0,-0.11302976247808795,-0.025943981044479973,25.943981044479973,0.31180828750708117
8.0,12.955999999999998,0.0,-0.06236797595885334,-0.026110631658030087,26.110631658030087,0.31598568078636663
8.0,13.119999999999997,0.0,-0.011706189439618205,-0.026277282271580205,26.277282271580205,0.3198178702611619
8.0,13.283999999999999,0.0,0.03895559707961693,-0.02644393288513032,26.44393288513032,0.3233251394262006
8.0,13.447999999999999,0.0,0.08961738359885153,-0.02661058349868043,26.61058349868043,0.32652814784501644
8.0,13.611999999999998,0.0,0.1402791701180867,-0.026777234112230548,26.77723411223055,0.32944755585327395
8.0,13.775999999999998,0.0,0.19094095663732127,-0.026943884725780663,26.943884725780663,0.33210371832002555
8.0,13.939999999999998,0.0,0.2416027431565559,-0.027110535339330773,27.110535339330774,0.3345164420532492
8.0,14.103999999999997,0.0,0.2922645296757905,-0.02727718595288089,27.27718595288089,0.3367048002757845
8.0,14.267999999999999,0.0,0.34292631619502617,-0.027443836566431005,27.443836566431006,0.33868699705760946
8.0,14.431999999999999,0.0,0.39358810271426076,-0.027610487179981123,27.610487179981124,0.3404802745217744
8.0,14.595999999999998,0.0,0.44424988923349534,-0.027777137793531234,27.777137793531235,0.3421008559103476
8.0,14.759999999999998,0.0,0.4949116757527305,-0.02794378840708135,27.94378840708135,0.3435639180898992
8.0,14.923999999999998,0.0,0.5455734622719651,-0.028110439020631466,28.110439020631468,0.34488358770165833
8.0,15.087999999999997,0.0,0.5962352487911997,-0.028277089634181577,28.27708963418158,0.34607295584915293
8.0,15.251999999999999,0.0,0.6468970353104349,-0.02844374024773169,28.443740247731693,0.3471441069142625
8.0,15.415999999999999,0.0,0.69755882182967,-0.02861039086128181,28.610390861281807,0.3481081577656063
8.0,15.579999999999998,0.0,0.7482206083489046,-0.028777041474831927,28.777041474831925,0.34897530424820683
8.0,15.743999999999998,0.0,0.7988823948681392,-0.028943692088382034,28.943692088382033,0.34975487240745357
8.0,15.907999999999998,0.0,0.8495441813873743,-0.029110342701932152,29.11034270193215,0.35000000000000003
8.0,16.072,0.0,0.9002059679066094,-0.02927699331548227,29.27699331548227,0.35000000000000003
8.0,16.235999999999997,0.0,0.9508677544258435,-0.02944364392903238,29.44364392903238,0.35000000000000003
8.0,16.4,0.0,1.0015295409450786,-0.029610294542582495,29.610294542582494,0.35000000000000003
8.0,0.0,-4.0,-4.796671225751767,-0.010537265704763923,10.537265704763923,0.0
8.0,0.16399999999999998,-4.0,-4.746009439232533,-0.010703916318314036,10.703916318314036,0.0
8.0,0.32799999999999996,-4.0,-4.695347652713298,-0.010870566931864153,10.870566931864154,0.0
8.0,0.49199999999999994,-4.0,-4.644685866194063,-0.011037217545414266,11.037217545414267,0.0
8.0,0.6559999999999999,-4.0,-4.594024079674828,-0.011203868158964382,11.203868158964383,0.0
8.0,0.8199999999999998,-4.0,-4.543362293155593,-0.011370518772514496,11.370518772514496,0.0
8.0,0.9839999999999999,-4.0,-4.492700506636358,-0.011537169386064612,11.537169386064612,0.0
8.0,1.148,-4.0,-4.442038720117123,-0.011703819999614725,11.703819999614725,0.0
8.0,1.3119999999999998,-4.0,-4.391376933597888,-0.011870470613164841,11.87047061316484,0.0
8.0,1.4759999999999998,-4.0,-4.340715147078654,-0.012037121226714955,12.037121226714955,0.0
8.0,1.6399999999999997,-4.0,-4.290053360559419,-0.012203771840265068,12.203771840265068,0.0
8.0,1.8039999999999998,-4.0,-4.239391574040184,-0.012370422453815186,12.370422453815186,0.0
8.0,1.9679999999999997,-4.0,-4.188729787520949,-0.012537073067365298,12.537073067365299,0.0
8.0,2.1319999999999997,-4.0,-4.138068001001714,-0.012703723680915414,12.703723680915415,0.0
8.0,2.296,-4.0,-4.087406214482479,-0.012870374294465529,12.87037429446553,0.0
8.0,2.4599999999999995,-4.0,-4.036744427963245,-0.013037024908015641,13.037024908015642,0.0
8.0,2.6239999999999997,-4.0,-3.98608264144401,-0.013203675521565756,13.203675521565756,0.0
8.0,2.788,-4.0,-3.935420854924775,-0.013370326135115872,13.37032613511587,0.0
8.0,2.9519999999999995,-4.0,-3.88475906840554,-0.013536976748665988,13.536976748665987,0.0
8.0,3.1159999999999997,-4.0,-3.834097281886305,-0.013703627362216104,13.703627362216103,0.0
8.0,3.2799999999999994,-4.0,-3.7834354953670704,-0.013870277975766215,13.870277975766214,0.0
8.0,3.4439999999999995,-4.0,-3.732773708847836,-0.01403692858931633,14.03692858931633,0.0
8.0,3.6079999999999997,-4.0,-3.6821119223286005,-0.014203579202866447,14.203579202866447,0.0
8.0,3.7719999999999994,-4.0,-3.631450135809366,-0.014370229816416558,14.370229816416558,0.0
8.0,3.9359999999999995,-4.0,-3.5807883492901316,-0.014536880429966674,14.536880429966674,0.0
8.0,4.1,-4.0,-3.530126562770896,-0.01470353104351679,14.70353104351679,0.0
8.0,4.263999999999999,-4.0,-3.4794647762516613,-0.014870181657066904,14.870181657066905,0.0
8.0,4.427999999999999,-4.0,-3.4288029897324273,-0.015036832270617017,15.036832270617017,0.0
8.0,4.592,-4.0,-3.378141203213192,-0.015203482884167133,15.203482884167133,0.0
8.0,4.755999999999999,-4.0,-3.327479416693957,-0.015370133497717247,15.370133497717246,0.0
8.0,4.919999999999999,-4.0,-3.2768176301747225,-0.01553678411126736,15.536784111267359,0.0
8.0,5.084,-4.0,-3.226155843655487,-0.015703434724817476,15.703434724817475,0.0
8.0,5.247999999999999,-4.0,-3.1754940571362527,-0.01587008533836759,15.87008533836759,0.0
8.0,5.411999999999999,-4.0,-3.1248322706170173,-0.016036735951917708,16.03673595191771,0.0
8.0,5.576,-4.0,-3.074170484097783,-0.01620338656546782,16.20338656546782,0.0
8.0,5.739999999999999,-4.0,-3.0235086975785483,-0.016370037179017933,16.370037179017935,0.0
8.0,5.903999999999999,-4.0,-2.972846911059313,-0.01653668779256805,16.53668779256805,0.0
8.0,6.068,-4.0,-2.922185124540078,-0.01670333840611816,16.70333840611816,0.0
8.0,6.231999999999999,-4.0,-2.871523338020843,-0.01686998901966828,16.869989019668278,0.0
8.0,6.395999999999999,-4.0,-2.8208615515016087,-0.017036639633218394,17.036639633218392,0.00015849570836901083
8.0,6.559999999999999,-4.0,-2.7701997649823737,-0.017203290246768504,17.203290246768503,0.0009283045023333325
8.0,6.723999999999999,-4.0,-2.719537978463139,-0.017369940860318622,17.36994086031862,0.001784645840537391
8.0,6.887999999999999,-4.0,-2.6688761919439044,-0.017536591473868737,17.536591473868736,0.0027367466364307536
8.0,7.051999999999999,-4.0,-2.6182144054246694,-0.017703242087418847,17.703242087418847,0.0037946973453850674
8.0,7.215999999999999,-4.0,-2.567552618905434,-0.017869892700968965,17.869892700968965,0.004969503603234282
8.0,7.379999999999999,-4.0,-2.5168908323861996,-0.018036543314519083,18.036543314519083,0.006273133396978214
8.0,7.543999999999999,-4.0,-2.4662290458669647,-0.018203193928069194,18.203193928069194,0.007718557282902605
8.0,7.707999999999999,-4.0,-2.4155672593477298,-0.018369844541619308,18.369844541619308,0.009319778610967111
8.0,7.871999999999999,-4.0,-2.3649054728284953,-0.018536495155169426,18.536495155169426,0.011091850095976352
8.0,8.036,-4.0,-2.31424368630926,-0.01870314576871954,18.70314576871954,0.013050872407750713
8.0,8.2,-4.0,-2.2635818997900254,-0.01886979638226965,18.86979638226965,0.015213969755772938
8.0,8.363999999999999,-4.0,-2.212920113270791,-0.01903644699581977,19.03644699581977,0.01759923675254499
8.0,8.527999999999999,-4.0,-2.1622583267515556,-0.019203097609369883,19.203097609369884,0.020225650203667456
8.0,8.691999999999998,-4.0,-2.111596540232321,-0.019369748222919994,19.369748222919995,0.023112938959524376
8.0,8.855999999999998,-4.0,-2.0609347537130867,-0.019536398836470112,19.536398836470113,0.02628140466245904
8.0,9.02,-4.0,-2.010272967193851,-0.019703049450020226,19.703049450020227,0.029751686245506337
8.0,9.184,-4.0,-1.9596111806746161,-0.01986970006357034,19.869700063570342,0.03354446151574603
8.0,9.347999999999999,-4.0,-1.9089493941553817,-0.020036350677120455,20.036350677120456,0.037680080234404834
8.0,9.511999999999999,-4.0,-1.858287607636147,-0.02020300129067057,20.20300129067057,0.04217812493971779
8.0,9.675999999999998,-4.0,-1.8076258211169118,-0.020369651904220683,20.369651904220685,0.047056898489019006
8.0,9.839999999999998,-4.0,-1.7569640345976771,-0.020536302517770798,20.536302517770796,0.05233284103060448
8.0,10.004,-4.0,-1.706302248078442,-0.020702953131320912,20.70295313132091,0.05801988389492874
8.0,10.168,-4.0,-1.6556404615592069,-0.02086960374487103,20.86960374487103,0.06412875365791532
8.0,10.331999999999999,-4.0,-1.6049786750399724,-0.021036254358421144,21.036254358421143,0.07066624617583778
8.0,10.495999999999999,-4.0,-1.5543168885207377,-0.02120290497197126,21.202904971971257,0.07763449734798583
8.0,10.659999999999998,-4.0,-1.5036551020015032,-0.02136955558552137,21.36955558552137,0.08503028416621311
8.0,10.823999999999998,-4.0,-1.452993315482268,-0.021536206199071487,21.536206199071486,0.09284439551265611
8.0,10.987999999999998,-4.0,-1.4023315289630334,-0.0217028568126216,21.7028568126216,0.10106111628305309
8.0,11.152,-4.0,-1.3516697424437982,-0.021869507426171716,21.869507426171715,0.1096578698072414
8.0,11.315999999999999,-4.0,-1.301007955924563,-0.022036158039721834,22.036158039721833,0.11860506135509613
8.0,11.479999999999999,-4.0,-1.2503461694053286,-0.022202808653271944,22.202808653271944,0.12786615914314237
8.0,11.643999999999998,-4.0,-1.199684382886094,-0.02236945926682206,22.36945926682206,0.13739803849462
8.0,11.807999999999998,-4.0,-1.1490225963668594,-0.022536109880372173,22.536109880372173,0.147151600007199
8.0,11.971999999999998,-4.0,-1.0983608098476243,-0.02270276049392229,22.70276049392229,0.15707265472475657
8.0,12.136,-4.0,-1.0476990233283892,-0.0228694111074724,22.869411107472402,0.1671030499587623
8.0,12.299999999999999,-4.0,-0.9970372368091545,-0.02303606172102252,23.03606172102252,0.17718199056019185
8.0,12.463999999999999,-4.0,-0.9463754502899193,-0.023202712334572634,23.202712334572634,0.1872474942693892
8.0,12.627999999999998,-4.0,-0.8957136637706847,-0.023369362948122748,23.36936294812275,0.19723790826312765
8.0,12.791999999999998,-4.0,-0.8450518772514501,-0.023536013561672862,23.536013561672863,0.20709340865944076
8.0,12.955999999999998,-4.0,-0.7943900907322156,-0.023702664175222977,23.702664175222978,0.21675740623960865
8.0,13.119999999999997,-4.0,-0.7437283042129804,-0.02386931478877309,23.869314788773092,0.2261777898039113
8.0,13.283999999999999,-4.0,-0.6930665176937453,-0.024035965402323205,24.035965402323207,0.23530795232435403
8.0,13.447999999999999,-4.0,-0.6424047311745106,-0.024202616015873323,24.202616015873325,0.24410756264998307
8.0,13.611999999999998,-4.0,-0.5917429446552754,-0.024369266629423434,24.369266629423436,0.2525430648473657
8.0,13.775999999999998,-4.0,-0.5410811581360409,-0.02453591724297355,24.535917242973547,0.2605879061885347
8.0,13.939999999999998,-4.0,-0.49041937161680627,-0.024702567856523666,24.702567856523665,0.26822251149240234
8.0,14.103999999999997,-4.0,-0.4397575850975717,-0.024869218470073777,24.869218470073776,0.27543403466029176
8.0,14.267999999999999,-4.0,-0.389095798578336,-0.025035869083623895,25.035869083623894,0.2822159271173868
8.0,14.431999999999999,-4.0,-0.3384340120591014,-0.02520251969717401,25.202519697174008,0.28856736737923966
8.0,14.595999999999998,-4.0,-0.2877722255398668,-0.02536917031072412,25.36917031072412,0.2944925965041774
8.0,14.759999999999998,-4.0,-0.23711043902063167,-0.025535820924274238,25.535820924274237,0.30000020150706547
8.0,14.923999999999998,-4.0,-0.18644865250139706,-0.025702471537824352,25.70247153782435,0.3051023838063111
8.0,15.087999999999997,-4.0,-0.13578686598216247,-0.025869122151374463,25.869122151374462,0.3098142433819389
8.0,15.251999999999999,-4.0,-0.08512507946292731,-0.02603577276492458,26.03577276492458,0.3141531023715776
8.0,15.415999999999999,-4.0,-0.03446329294369218,-0.0262024233784747,26.2024233784747,0.3181378849940331
8.0,15.579999999999998,-4.0,0.01619849357554242,-0.02636907399202481,26.36907399202481,0.32178856444743825
8.0,15.743999999999998,-4.0,0.06686028009477703,-0.026535724605574927,26.535724605574927,0.32512568207610176
8.0,15.907999999999998,-4.0,0.11752206661401216,-0.026702375219125038,26.702375219125038,0.3281699397728051
8.0,16.072,-4.0,0.1681838531332473,-0.026869025832675152,26.869025832675153,0.3309418632932835
8.0,16.235999999999997,-4.0,0.21884563965248136,-0.02703567644622527,27.03567644622527,0.3334615318329948
8.0,16.4,-4.0,0.2695074261717165,-0.027202327059775388,27.20232705977539,0.3357483677275796
8.0,0.0,-8.0,-5.5286933405251295,-0.00812929822195681,8.12929822195681,0.0
8.0,0.16399999999999998,-8.0,-5.478031554005895,-0.008295948835506925,8.295948835506925,0.0
8.0,0.32799999999999996,-8.0,-5.427369767486659,-0.008462599449057043,8.462599449057043,0.0
8.0,0.49199999999999994,-8.0,-5.376707980967425,-0.008629250062607154,8.629250062607154,0.0
8.0,0.6559999999999999,-8.0,-5.32604619444819,-0.00879590067615727,8.79590067615727,0.0
8.0,0.8199999999999998,-8.0,-5.2753844079289545,-0.008962551289707387,8.962551289707388,0.0
8.0,0.9839999999999999,-8.0,-5.224722621409721,-0.009129201903257497,9.129201903257497,0.0
8.0,1.148,-8.0,-5.1740608348904855,-0.009295852516807613,9.295852516807612,0.0
8.0,1.3119999999999998,-8.0,-5.12339904837125,-0.00946250313035773,9.46250313035773,0.0
8.0,1.4759999999999998,-8.0,-5.072737261852017,-0.00962915374390784,9.629153743907839,0.0
8.0,1.6399999999999997,-8.0,-5.022075475332781,-0.009795804357457957,9.795804357457957,0.0
8.0,1.8039999999999998,-8.0,-4.971413688813546,-0.009962454971008073,9.962454971008073,0.0
8.0,1.9679999999999997,-8.0,-4.920751902294312,-0.010129105584558184,10.129105584558184,0.0
8.0,2.1319999999999997,-8.0,-4.870090115775076,-0.010295756198108302,10.295756198108302,0.0
8.0,2.296,-8.0,-4.8194283292558415,-0.010462406811658416,10.462406811658417,0.0
8.0,2.4599999999999995,-8.0,-4.768766542736607,-0.010629057425208529,10.62905742520853,0.0
8.0,2.6239999999999997,-8.0,-4.718104756217372,-0.010795708038758645,10.795708038758645,0.0
8.0,2.788,-8.0,-4.667442969698137,-0.01096235865230876,10.96235865230876,0.0
8.0,2.9519999999999995,-8.0,-4.616781183178903,-0.011129009265858872,11.129009265858873,0.0
8.0,3.1159999999999997,-8.0,-4.566119396659667,-0.01129565987940899,11.295659879408989,0.0
8.0,3.2799999999999994,-8.0,-4.515457610140433,-0.011462310492959102,11.462310492959102,0.0
8.0,3.4439999999999995,-8.0,-4.464795823621198,-0.011628961106509217,11.628961106509216,0.0
8.0,3.6079999999999997,-8.0,-4.414134037101963,-0.011795611720059333,11.795611720059332,0.0
8.0,3.7719999999999994,-8.0,-4.363472250582729,-0.011962262333609445,11.962262333609445,0.0
8.0,3.9359999999999995,-8.0,-4.312810464063493,-0.012128912947159561,12.128912947159561,0.0
8.0,4.1,-8.0,-4.262148677544259,-0.012295563560709676,12.295563560709676,0.0
8.0,4.263999999999999,-8.0,-4.211486891025023,-0.012462214174259792,12.462214174259792,0.0
8.0,4.427999999999999,-8.0,-4.160825104505789,-0.012628864787809904,12.628864787809905,0.0
8.0,4.592,-8.0,-4.110163317986554,-0.012795515401360018,12.795515401360019,0.0
8.0,4.755999999999999,-8.0,-4.059501531467319,-0.012962166014910135,12.962166014910135,0.0
8.0,4.919999999999999,-8.0,-4.008839744948085,-0.013128816628460249,13.12881662846025,0.0
8.0,5.084,-8.0,-3.9581779584288492,-0.013295467242010365,13.295467242010364,0.0
8.0,5.247999999999999,-8.0,-3.9075161719096148,-0.013462117855560478,13.462117855560477,0.0
8.0,5.411999999999999,-8.0,-3.8568543853903794,-0.013628768469110594,13.628768469110593,0.0
8.0,5.576,-8.0,-3.806192598871145,-0.013795419082660708,13.795419082660707,0.0
8.0,5.739999999999999,-8.0,-3.7555308123519104,-0.01396206969621082,13.96206969621082,0.0
8.0,5.903999999999999,-8.0,-3.704869025832675,-0.014128720309760937,14.128720309760936,0.0
8.0,6.068,-8.0,-3.65420723931344,-0.014295370923311054,14.295370923311054,0.0
8.0,6.231999999999999,-8.0,-3.6035454527942057,-0.014462021536861163,14.462021536861164,0.0
8.0,6.395999999999999,-8.0,-3.5528836662749708,-0.014628672150411281,14.628672150411282,0.0
8.0,6.559999999999999,-8.0,-3.502221879755736,-0.014795322763961397,14.795322763961398,0.0
8.0,6.723999999999999,-8.0,-3.451560093236501,-0.01496197337751151,14.96197337751151,0.0
8.0,6.887999999999999,-8.0,-3.4008983067172665,-0.015128623991061624,15.128623991061625,0.0
8.0,7.051999999999999,-8.0,-3.3502365201980315,-0.01529527460461174,15.29527460461174,0.0
8.0,7.215999999999999,-8.0,-3.299574733678796,-0.015461925218161856,15.461925218161856,0.0
8.0,7.379999999999999,-8.0,-3.2489129471595617,-0.015628575831711965,15.628575831711965,0.0
8.0,7.543999999999999,-8.0,-3.198251160640327,-0.015795226445262083,15.795226445262083,0.0
8.0,7.707999999999999,-8.0,-3.147589374121092,-0.0159618770588122,15.9618770588122,0.0
8.0,7.871999999999999,-8.0,-3.0969275876018574,-0.01612852767236231,16.12852767236231,0.0
8.0,8.036,-8.0,-3.046265801082622,-0.016295178285912426,16.295178285912428,0.0
8.0,8.2,-8.0,-2.9956040145633875,-0.016461828899462544,16.461828899462542,0.0
8.0,8.363999999999999,-8.0,-2.944942228044153,-0.01662847951301265,16.62847951301265,0.0
8.0,8.527999999999999,-8.0,-2.8942804415249177,-0.01679513012656277,16.795130126562768,0.0
8.0,8.691999999999998,-8.0,-2.8436186550056832,-0.016961780740112887,16.961780740112886,0.0
8.0,8.855999999999998,-8.0,-2.7929568684864488,-0.017128431353662998,17.128431353662997,0.0005723252494394537
8.0,9.02,-8.0,-2.742295081967213,-0.017295081967213115,17.295081967213115,0.0013887046459219454
8.0,9.184,-8.0,-2.6916332954479785,-0.01746173258076323,17.46173258076323,0.002296595169483162
8.0,9.347999999999999,-8.0,-2.6409715089287435,-0.017628383194313344,17.628383194313344,0.003305692798324711
8.0,9.511999999999999,-8.0,-2.590309722409509,-0.017795033807863455,17.795033807863454,0.004426585918157477
8.0,9.675999999999998,-8.0,-2.539647935890274,-0.017961684421413573,17.961684421413572,0.005670804776408578
8.0,9.839999999999998,-8.0,-2.4889861493710392,-0.018128335034963687,18.128335034963687,0.0070508651648661935
8.0,10.004,-8.0,-2.4383243628518043,-0.0182949856485138,18.2949856485138,0.008580303547647161
8.0,10.168,-8.0,-2.387662576332569,-0.01846163626206392,18.46163626206392,0.010273700259841312
8.0,10.331999999999999,-8.0,-2.3370007898133345,-0.01862828687561403,18.62828687561403,0.01214668675430608
8.0,10.495999999999999,-8.0,-2.2863390032941,-0.018794937489164144,18.794937489164145,0.014215932186733282
8.0,10.659999999999998,-8.0,-2.2356772167748655,-0.01896158810271426,18.96158810271426,0.016499103930274983
8.0,10.823999999999998,-8.0,-2.18501543025563,-0.019128238716264373,19.128238716264374,0.019014795942836504
8.0,10.987999999999998,-8.0,-2.1343536437363957,-0.019294889329814487,19.294889329814488,0.0217824183319964
8.0,11.152,-8.0,-2.0836918572171603,-0.019461539943364605,19.461539943364606,0.02482204105381175
8.0,11.315999999999999,-8.0,-2.0330300706979254,-0.019628190556914716,19.628190556914717,0.028154184543651872
8.0,11.479999999999999,-8.0,-1.9823682841786907,-0.019794841170464834,19.794841170464835,0.0317995503324468
8.0,11.643999999999998,-8.0,-1.931706497659456,-0.019961491784014948,19.96149178401495,0.035778685491481
8.0,11.807999999999998,-8.0,-1.8810447111402215,-0.020128142397565062,20.128142397565064,0.04011157622503042
8.0,11.971999999999998,-8.0,-1.8303829246209864,-0.020294793011115177,20.29479301111518,0.04481716824189863
8.0,12.136,-8.0,-1.7797211381017513,-0.020461443624665294,20.461443624665293,0.049912814810329775
8.0,12.299999999999999,-8.0,-1.7290593515825166,-0.020628094238215405,20.628094238215404,0.05541365771093659
8.0,12.463999999999999,-8.0,-1.6783975650632814,-0.02079474485176552,20.79474485176552,0.06133195163901317
8.0,12.627999999999998,-8.0,-1.627735778544047,-0.020961395465315637,20.961395465315636,0.06767634883759105
8.0,12.791999999999998,-8.0,-1.5770739920248122,-0.02112804607886575,21.128046078865747,0.07445116757335657
8.0,12.955999999999998,-8.0,-1.5264122055055778,-0.021294696692415863,21.29469669241586,0.08165567502158078
8.0,13.119999999999997,-8.0,-1.4757504189863426,-0.02146134730596598,21.46134730596598,0.08928342153575336
8.0,13.283999999999999,-8.0,-1.4250886324671075,-0.021627997919516095,21.627997919516094,0.09732166831138661
8.0,13.447999999999999,-8.0,-1.3744268459478728,-0.021794648533066206,21.794648533066205,0.10575095318444544
8.0,13.611999999999998,-8.0,-1.3237650594286376,-0.021961299146616323,21.961299146616323,0.11454483882280375
8.0,13.775999999999998,-8.0,-1.273103272909403,-0.022127949760166438,22.127949760166437,0.12366988313124277
8.0,13.939999999999998,-8.0,-1.2224414863901685,-0.02229460037371655,22.29460037371655,0.13308586289172936
8.0,14.103999999999997,-8.0,-1.1717796998709338,-0.022461250987266666,22.461250987266666,0.14274626859209483
8.0,14.267999999999999,-8.0,-1.1211179133516982,-0.02262790160081678,22.62790160081678,0.1525990717518812
8.0,14.431999999999999,-8.0,-1.0704561268324635,-0.022794552214366895,22.794552214366895,0.16258774714744167
8.0,14.595999999999998,-8.0,-1.019794340313229,-0.02296120282791701,22.96120282791701,0.17265251300113155
8.0,14.759999999999998,-8.0,-0.9691325537939939,-0.023127853441467127,23.127853441467128,0.18273173456098685
8.0,14.923999999999998,-8.0,-0.9184707672747592,-0.023294504055017238,23.29450405501724,0.19276342267201713
8.0,15.087999999999997,-8.0,-0.8678089807555246,-0.023461154668567352,23.461154668567353,0.20268675068045822
8.0,15.251999999999999,-8.0,-0.8171471942362895,-0.02362780528211747,23.62780528211747,0.21244351140008738
8.0,15.415999999999999,-8.0,-0.7664854077170543,-0.023794455895667584,23.794455895667586,0.22197944111914408
8.0,15.579999999999998,-8.0,-0.7158236211978197,-0.0239611065092177,23.9611065092177,0.23124534904380195
8.0,15.743999999999998,-8.0,-0.6651618346785851,-0.024127757122767813,24.127757122767814,0.24019800668618102
8.0,15.907999999999998,-8.0,-0.61450004815935,-0.024294407736317927,24.29440773631793,0.24880077052318333
8.0,16.072,-8.0,-0.5638382616401149,-0.024461058349868045,24.461058349868043,0.2570239306119762
8.0,16.235999999999997,-8.0,-0.5131764751208808,-0.024627708963418156,24.627708963418154,0.2648447957443614
8.0,16.4,-8.0,-0.4625146886016457,-0.02479435957696827,24.79435957696827,0.2722475405806724
